object_annotation_category,total_lipids_ugC,fullness_ratio_carbon,month,month_true
female+lateral<Calanus hyperboreus,1411.504834968888,0.689063694111776,8,8
female+lateral<Calanus hyperboreus,1945.0351158760452,0.7267483636968902,8,8
female+lateral<Calanus hyperboreus,2131.530004041202,0.5681581773095398,8,8
female+lateral<Calanus hyperboreus,1648.1219354332889,0.5660158374512215,8,8
cvstage+lateral<Calanus glacialis,320.37998422774814,0.7567463977988262,8,8
cvstage+lateral<Calanus glacialis,438.58503887549045,0.7787700800204405,8,8
cvstage+lateral<Calanus hyperboreus,354.3896180492453,0.6154259488624412,8,8
cvstage+lateral<Calanus hyperboreus,590.8316477125536,0.5410233339628769,8,8
cvstage+lateral<Calanus hyperboreus,521.6829202542425,0.5288310156220962,8,8
cvstage+lateral<Calanus hyperboreus,1501.5306952929343,0.6022337721709677,8,8
female+lateral<Calanus hyperboreus,2008.7072155374956,0.6481139275187745,8,8
cvstage+lateral<Calanus glacialis,323.47658975420916,0.5233989522171589,8,8
cvstage+lateral<Calanus hyperboreus,1601.5748403979087,0.6493850193606628,8,8
cvstage+lateral<Calanus glacialis,462.2389638154817,0.8168014354498365,8,8
female+lateral<Calanus hyperboreus,1457.975719140735,0.7401840852010064,8,8
cvstage+lateral<Calanus hyperboreus,1190.9358131058764,0.641257766406186,8,8
cvstage+lateral<Calanus hyperboreus,1229.110811956382,0.5933843273758398,8,8
cvstage+lateral<Calanus glacialis,434.8431363451816,0.5627154770767744,8,8
cvstage+lateral<Calanus glacialis,292.1595090744069,0.56693358654333,8,8
civstage+lateral<Calanus hyperboreus,388.0295359221158,0.6330193881610944,8,8
cvstage+lateral<Calanus hyperboreus,1259.3264138829204,0.5480356395537762,8,8
cvstage+lateral<Calanus hyperboreus,1518.3439678352722,0.6415602305518544,8,8
cvstage+lateral<Calanus glacialis,337.2579778672413,0.5150860741171194,8,8
cvstage+lateral<Calanus hyperboreus,1224.3194861905383,0.6671070295560204,8,8
cvstage+lateral<Calanus glacialis,442.4781539885535,0.6362297433537393,8,8
female+lateral<Calanus hyperboreus,1250.0655030785515,0.5741488892864698,8,8
female+lateral<Calanus hyperboreus,1313.4554535364318,0.6260254859939033,8,8
female+lateral<Calanus hyperboreus,3094.3960131430917,0.7189837162313486,8,8
cvstage+lateral<Calanus hyperboreus,745.2150621823347,0.494759782424088,8,8
cvstage+lateral<Calanus hyperboreus,1178.9847315933732,0.7367307304957608,8,8
cvstage+lateral<Calanus hyperboreus,664.0613569097795,0.4984727878669661,8,8
female+lateral<Calanus hyperboreus,1732.085301859243,0.524591003670574,8,8
cvstage+lateral<Calanus glacialis,453.2900246327306,0.7113365517318513,8,8
civstage+lateral<Calanus hyperboreus,206.6570333144693,0.4286193894738319,8,8
civstage+lateral<Calanus hyperboreus,333.9923492734621,0.5294887222109592,8,8
female+lateral<Calanus hyperboreus,1296.5641124165936,0.5113863234415836,8,8
civstage+lateral<Calanus hyperboreus,412.5924002904278,0.5907446121165234,8,8
cvstage+lateral<Calanus glacialis,477.4614907225609,0.7577963744044268,8,8
female+lateral<Calanus hyperboreus,1426.010429415251,0.5768149297410254,8,8
cvstage+lateral<Calanus glacialis,317.9347635219105,0.5559825575453575,8,8
female+lateral<Calanus hyperboreus,1232.276117246126,0.4859466095241674,8,8
female+lateral<Calanus hyperboreus,1376.0779294144645,0.5082753953938979,8,8
female+lateral<Calanus hyperboreus,1388.4867946918837,0.6344182638172593,8,8
female+lateral<Calanus glacialis,271.93680875810105,0.566559406890779,8,8
female+lateral<Calanus glacialis,291.9087905255092,0.5579457998891624,8,8
cvstage+lateral<Calanus hyperboreus,815.112178924153,0.4740101267725644,8,8
cvstage+lateral<Calanus hyperboreus,761.3081699285849,0.5797238116046617,8,8
cvstage+lateral<Calanus hyperboreus,471.81721944403,0.4072981189440608,8,8
civstage+lateral<Calanus hyperboreus,472.32294519625816,0.6466251973340732,8,8
cvstage+lateral<Calanus glacialis,381.4331284641182,0.6225548313077015,8,8
cvstage+lateral<Calanus glacialis,391.3744295316828,0.5959312059169304,8,8
cvstage+lateral<Calanus glacialis,447.874439444082,0.6451631616703434,8,8
cvstage+lateral<Calanus glacialis,235.92420697087485,0.7031963642194413,8,8
cvstage+lateral<Calanus glacialis,195.4879200137976,0.4781880591520832,8,8
cvstage+lateral<Calanus hyperboreus,763.8891545870543,0.559745703992125,8,8
cvstage+lateral<Calanus hyperboreus,1500.2083685702964,0.6295702693528319,8,8
cvstage+lateral<Calanus hyperboreus,392.0581033605661,0.5195154664078019,8,8
cvstage+lateral<Calanus hyperboreus,560.7983766613075,0.6724971222224325,8,8
cvstage+lateral<Calanus glacialis,270.71019607848854,0.618753314165471,8,8
female+lateral<Calanus hyperboreus,2309.1060963045206,0.6260090566854649,8,8
cvstage+lateral<Calanus hyperboreus,906.2186956493902,0.5037176632462178,8,8
female+lateral<Calanus hyperboreus,1499.3948003442988,0.5926874829919051,8,8
female+lateral<Calanus hyperboreus,2029.5471231005704,0.6691851383089734,8,8
civstage+lateral<Calanus hyperboreus,308.72881120501046,0.5125749047460008,8,8
cvstage+lateral<Calanus glacialis,144.83309888987094,0.3726274654961544,8,8
cvstage+lateral<Calanus glacialis,337.6581993460724,0.6608139335224151,8,8
cvstage+lateral<Calanus hyperboreus,1365.581070882702,0.7008074539625933,8,8
cvstage+lateral<Calanus glacialis,419.4824120401331,0.8034077687114409,8,8
civstage+lateral<Calanus hyperboreus,516.3332730129539,0.7068851696309834,8,8
civstage+lateral<Calanus hyperboreus,481.6713567217302,0.6852271536999036,8,8
civstage+lateral<Calanus hyperboreus,273.1478672215631,0.4157484955501925,8,8
cvstage+lateral<Calanus hyperboreus,1206.2583947472178,0.7233805871300842,8,8
cvstage+lateral<Calanus hyperboreus,577.1803125246656,0.4634374926898986,8,8
cvstage+lateral<Calanus hyperboreus,936.4180477052342,0.6170659895564818,8,8
cvstage+lateral<Calanus hyperboreus,668.6213707665704,0.5460317176898963,8,8
cvstage+lateral<Calanus glacialis,499.1336019941727,0.6849774316256971,8,8
cvstage+lateral<Calanus glacialis,403.87230329506355,0.7918750677341212,8,8
civstage+lateral<Calanus hyperboreus,463.02894375240703,0.5554405511763333,8,8
cvstage+lateral<Calanus hyperboreus,1554.3966234693685,0.6289440513122728,8,8
civstage+lateral<Calanus hyperboreus,273.4109067377764,0.6161858222129692,8,8
cvstage+lateral<Calanus hyperboreus,813.5841554272607,0.5551453325628621,8,8
female+lateral<Calanus hyperboreus,999.1281943349296,0.5617595679792685,8,8
civstage+lateral<Calanus hyperboreus,530.8595145586894,0.616486213306891,8,8
female+lateral<Calanus hyperboreus,2474.291925946007,0.6116273254736055,8,8
cvstage+lateral<Calanus glacialis,292.2221986584045,0.5669842403441042,8,8
civstage+lateral<Calanus hyperboreus,245.9904645327897,0.5023783206686833,8,8
civstage+lateral<Calanus hyperboreus,338.1740362852624,0.5615397599476188,8,8
cvstage+lateral<Calanus hyperboreus,904.2917286662088,0.6486862302802687,8,8
cvstage+lateral<Calanus glacialis,327.943355940974,0.6006523740327585,8,8
civstage+lateral<Calanus hyperboreus,983.0240590682222,0.6067056390125508,8,8
female+lateral<Calanus hyperboreus,2232.07937071353,0.6792217212781179,8,8
cvstage+lateral<Calanus glacialis,392.33167169110993,0.6589070528811246,8,8
civstage+lateral<Calanus hyperboreus,372.5787367906569,0.5558095967168803,8,8
civstage+lateral<Calanus hyperboreus,314.24716931748594,0.5857298589659421,8,8
female+lateral<Calanus hyperboreus,1698.1198777877737,0.5729846466022488,8,8
female+lateral<Calanus glacialis,322.4015731567124,0.4774563307693135,8,8
female+lateral<Calanus hyperboreus,2186.4636181744067,0.6419099390302095,8,8
civstage+lateral<Calanus hyperboreus,316.6850509645711,0.5548811348963355,8,8
civstage+lateral<Calanus hyperboreus,380.07721108965416,0.5689397663955215,8,8
cvstage+lateral<Calanus hyperboreus,573.3069036679857,0.5257439396941651,8,8
female+lateral<Calanus hyperboreus,2083.2854902862305,0.6882619781607939,8,8
cvstage+lateral<Calanus hyperboreus,867.7381807455198,0.7044384092155345,8,8
female+lateral<Calanus hyperboreus,1261.3549312093648,0.5232686413224192,8,8
cvstage+lateral<Calanus hyperboreus,850.9193571200225,0.5803411531354177,8,8
cvstage+lateral<Calanus glacialis,291.97146419397217,0.63904385187015,8,8
cvstage+lateral<Calanus hyperboreus,1147.853969237382,0.6375443320020978,8,8
female+lateral<Calanus glacialis,214.28044556015257,0.4692761736759104,8,8
cvstage+lateral<Calanus hyperboreus,611.4731049365904,0.5522829150806393,8,8
female+lateral<Calanus glacialis,399.8768598962878,0.5571703439189081,8,8
female+lateral<Calanus hyperboreus,1894.3841522204027,0.5042956966989355,8,8
cvstage+lateral<Calanus glacialis,303.4439941104099,0.4555057237687528,8,8
cvstage+lateral<Calanus hyperboreus,843.3612890904702,0.4936441251000665,8,8
cvstage+lateral<Calanus hyperboreus,1288.3965981729516,0.6389665013698272,8,8
cvstage+lateral<Calanus hyperboreus,742.3225166719643,0.5557099888159323,8,8
civstage+lateral<Calanus hyperboreus,402.76893886036703,0.6571853890307441,8,8
female+lateral<Calanus hyperboreus,1600.6417093829666,0.528080301657711,8,8
female+lateral<Calanus hyperboreus,1253.053794921132,0.6022870220850839,8,8
cvstage+lateral<Calanus glacialis,215.59712748876453,0.5309270153394686,8,8
female+lateral<Calanus hyperboreus,1465.0654368480373,0.6342493198777781,8,8
cvstage+lateral<Calanus glacialis,218.82641987432615,0.5070082281562556,8,8
female+lateral<Calanus hyperboreus,1200.0652868471443,0.5223516383475861,8,8
cvstage+lateral<Calanus hyperboreus,937.391374227255,0.5791404715072771,8,8
female+lateral<Calanus hyperboreus,2112.1479956290987,0.5604479133355363,8,8
female+lateral<Calanus hyperboreus,995.9732577951446,0.5435039791595411,8,8
female+lateral<Calanus hyperboreus,1451.022065008019,0.5168225010494255,8,8
female+lateral<Calanus glacialis,248.49650426328108,0.5229279463943652,8,8
female+lateral<Calanus glacialis,215.48253873571863,0.468860254023357,8,8
civstage+lateral<Calanus hyperboreus,411.82892964846127,0.5261135306456625,8,8
civstage+lateral<Calanus hyperboreus,391.9213403624832,0.525913724155409,8,8
civstage+lateral<Calanus hyperboreus,608.2000120335701,0.6554113920624391,8,8
civstage+lateral<Calanus hyperboreus,477.8964869648845,0.6144116616954618,8,8
civstage+lateral<Calanus hyperboreus,218.23763347076795,0.5504693285290513,8,8
female+lateral<Calanus hyperboreus,1277.2298436119306,0.5225588381288598,8,8
cvstage+lateral<Calanus hyperboreus,930.3194643493432,0.5061663761205581,8,8
cvstage+lateral<Calanus hyperboreus,751.4245623185045,0.5587982601279773,8,8
cvstage+lateral<Calanus hyperboreus,537.6039935740304,0.523685544462543,8,8
cvstage+lateral<Calanus hyperboreus,480.97093039206703,0.4662953015441472,8,8
civstage+lateral<Calanus hyperboreus,349.7525949956964,0.6060946650981003,8,8
cvstage+lateral<Calanus glacialis,291.53283210182315,0.5770902112512702,8,8
cvstage+lateral<Calanus glacialis,341.38601992917836,0.6201431130865206,8,8
cvstage+lateral<Calanus glacialis,353.79241809276357,0.6548026974585716,8,8
cvstage+lateral<Calanus hyperboreus,1077.4746539700973,0.5813375797803882,8,8
cvstage+lateral<Calanus hyperboreus,967.5335183321172,0.7209321449970691,8,8
cvstage+lateral<Calanus hyperboreus,735.3116370093652,0.5146554871520554,8,8
civstage+lateral<Calanus hyperboreus,278.1561734401802,0.4322785077671771,8,8
cvstage+lateral<Calanus hyperboreus,1042.417895646022,0.6089402008447227,8,8
civstage+lateral<Calanus hyperboreus,200.18012212347617,0.4036960520436431,8,8
civstage+lateral<Calanus hyperboreus,396.9223177580636,0.5305595880279463,8,8
cvstage+lateral<Calanus glacialis,506.273032655323,0.56208221493851,8,8
female+lateral<Calanus hyperboreus,1598.3613997813995,0.5436324691925903,8,8
cvstage+lateral<Calanus hyperboreus,698.8071457627026,0.4758972866639762,8,8
cvstage+lateral<Calanus glacialis,276.1811824000274,0.6299587829702572,8,8
cvstage+lateral<Calanus glacialis,306.93659147896284,0.5475425684001872,8,8
civstage+lateral<Calanus hyperboreus,372.30848624855065,0.5263835103190557,8,8
civstage+lateral<Calanus hyperboreus,346.12192152641654,0.4946757803867228,8,8
female+lateral<Calanus hyperboreus,1515.4869072568963,0.6019117050140307,8,8
civstage+lateral<Calanus hyperboreus,381.0262033077792,0.6690802077807533,8,8
cvstage+lateral<Calanus hyperboreus,1271.2214497840548,0.6172898499692225,8,8
cvstage+lateral<Calanus hyperboreus,452.21963497618214,0.5050039469596092,8,8
civstage+lateral<Calanus hyperboreus,503.98809935585155,0.5117936884780864,8,8
cvstage+lateral<Calanus glacialis,281.2504133501441,0.5683454158041098,8,8
cvstage+lateral<Calanus glacialis,282.7392394432463,0.6124651567418703,8,8
cvstage+lateral<Calanus hyperboreus,966.5510343683032,0.5011727441898485,8,8
female+lateral<Calanus hyperboreus,1355.9963175328076,0.5174294216532724,8,8
civstage+lateral<Calanus hyperboreus,204.97272583566428,0.4890635276174491,8,8
cvstage+lateral<Calanus glacialis,322.2426265858001,0.4966289652394622,8,8
civstage+lateral<Calanus hyperboreus,320.2511503225111,0.6290045698008468,8,8
civstage+lateral<Calanus hyperboreus,160.21845794245706,0.3488516996385818,8,8
female+lateral<Calanus hyperboreus,1142.2203682914037,0.4611497909762523,8,8
civstage+lateral<Calanus hyperboreus,262.1093369346144,0.3824407210424688,8,8
female+lateral<Calanus hyperboreus,1355.897609682199,0.3773283951355438,8,8
cvstage+lateral<Calanus hyperboreus,476.2296379005168,0.4892364828126794,8,8
cvstage+lateral<Calanus glacialis,233.33917552635685,0.4749627667500597,8,8
cvstage+lateral<Calanus hyperboreus,1075.5385590004803,0.5562699716087921,8,8
cvstage+lateral<Calanus glacialis,251.42969116587423,0.530108307101768,8,8
civstage+lateral<Calanus hyperboreus,385.0332060092002,0.5882349148333365,8,8
female+lateral<Calanus hyperboreus,1116.8777523029178,0.6287856637197906,8,8
civstage+lateral<Calanus hyperboreus,390.55448699163026,0.5342486660935433,8,8
cvstage+lateral<Calanus hyperboreus,853.2423043843629,0.5373607054020785,8,8
cvstage+lateral<Calanus hyperboreus,889.6168089497818,0.5493845138468827,8,8
female+lateral<Calanus hyperboreus,2159.341572654127,0.5140951511567617,8,8
cvstage+lateral<Calanus hyperboreus,991.6512906671164,0.5673098131752045,8,8
female+lateral<Calanus hyperboreus,1544.4366990504118,0.5507864491319213,8,8
civstage+lateral<Calanus hyperboreus,314.4054622185408,0.5154123558594873,8,8
cvstage+lateral<Calanus glacialis,342.8310527395497,0.5038511282278118,8,8
civstage+lateral<Calanus hyperboreus,201.24600777989207,0.4785243920937889,8,8
civstage+lateral<Calanus hyperboreus,274.4564843112074,0.5210424849596912,8,8
cvstage+lateral<Calanus glacialis,263.50669952025214,0.5500820287027451,8,8
civstage+lateral<Calanus hyperboreus,260.28999698429567,0.536781196964043,8,8
cvstage+lateral<Calanus hyperboreus,1068.632349904802,0.5620574696074321,8,8
cvstage+lateral<Calanus hyperboreus,1186.853263009608,0.5976157173809874,8,8
civstage+lateral<Calanus hyperboreus,378.7904133637901,0.5388898646186682,8,8
cvstage+lateral<Calanus glacialis,309.10155435277164,0.5487742842307956,8,8
cvstage+lateral<Calanus hyperboreus,839.0758293363233,0.5549841353110297,8,8
civstage+lateral<Calanus hyperboreus,299.77372943279823,0.5296934298751613,8,8
cvstage+lateral<Calanus hyperboreus,762.7232286859752,0.4179319356753684,8,8
cvstage+lateral<Calanus hyperboreus,890.1396891271509,0.5312931777735165,8,8
civstage+lateral<Calanus hyperboreus,301.16434339605195,0.5798417068609376,8,8
cvstage+lateral<Calanus glacialis,341.8456072512228,0.5512705269968728,8,8
female+lateral<Calanus hyperboreus,1187.2328601586246,0.5169333032847786,8,8
female+lateral<Calanus hyperboreus,2094.726587368198,0.5893065058833934,8,8
female+lateral<Calanus hyperboreus,1892.314063011705,0.5561156991627264,8,8
female+lateral<Calanus hyperboreus,1302.8099467630996,0.4287863181473899,8,8
female+lateral<Calanus glacialis,433.3631215980942,0.6549804693670782,8,8
female+lateral<Calanus hyperboreus,1151.5202027112707,0.5537143661790993,8,8
female+lateral<Calanus hyperboreus,2183.735545899797,0.5835779723022237,8,8
female+lateral<Calanus hyperboreus,1490.1496570147383,0.5348371818369959,8,8
civstage+lateral<Calanus hyperboreus,322.9598772945042,0.5510834008762615,8,8
civstage+lateral<Calanus hyperboreus,462.0953739725392,0.5657785731992628,8,8
civstage+lateral<Calanus hyperboreus,270.4037993036067,0.5676191477596408,8,8
female+lateral<Calanus glacialis,489.2473797654539,0.5965045043084256,8,8
cvstage+lateral<Calanus glacialis,223.1996340806844,0.4689579991596483,8,8
cvstage+lateral<Calanus hyperboreus,595.7014440129022,0.4737190015115753,8,8
civstage+lateral<Calanus hyperboreus,402.63108109485273,0.6287764702964646,8,8
cvstage+lateral<Calanus hyperboreus,649.7221164004313,0.4872584678330451,8,8
cvstage+lateral<Calanus hyperboreus,1138.9378897604097,0.527642056446178,8,8
cvstage+lateral<Calanus hyperboreus,768.7250251213499,0.5473906241289742,8,8
cvstage+lateral<Calanus hyperboreus,961.464713448414,0.6025605225729129,8,8
cvstage+lateral<Calanus hyperboreus,1242.5559195802605,0.5555276837269596,8,8
cvstage+lateral<Calanus hyperboreus,822.5947066986522,0.5611020301986016,8,8
civstage+lateral<Calanus hyperboreus,420.4594770464856,0.6100455261555209,8,8
cvstage+lateral<Calanus hyperboreus,738.6084232204892,0.4895525655414803,8,8
female+lateral<Calanus hyperboreus,1895.255968976052,0.6266795743201337,8,8
female+lateral<Calanus glacialis,282.118612712076,0.5360374617538205,8,8
female+lateral<Calanus hyperboreus,1555.424495986609,0.567196547835845,8,8
cvstage+lateral<Calanus hyperboreus,783.9580723453386,0.5926399957157824,8,8
cvstage+lateral<Calanus hyperboreus,519.4519187490931,0.4650242396066712,8,8
female+lateral<Calanus hyperboreus,1335.8057387718256,0.5942582335477631,8,8
cvstage+lateral<Calanus glacialis,144.2299336724963,0.3812463226598515,8,8
cvstage+lateral<Calanus glacialis,311.52653667611986,0.6053238460978567,8,8
civstage+lateral<Calanus hyperboreus,382.99419761785714,0.581742215154176,8,8
cvstage+lateral<Calanus hyperboreus,640.0561242826132,0.6544210014370301,8,8
civstage+lateral<Calanus hyperboreus,224.70625342553635,0.6391078977967342,8,8
civstage+lateral<Calanus hyperboreus,424.7245236468543,0.6035596898279154,8,8
female+lateral<Calanus glacialis,182.26502182518988,0.669087989721929,8,8
civstage+lateral<Calanus hyperboreus,130.60803148554942,0.4902050316078476,8,8
civstage+lateral<Calanus hyperboreus,280.0734097316798,0.5439929462981216,8,8
civstage+lateral<Calanus hyperboreus,260.16884099360726,0.5629152122857161,8,8
female+lateral<Calanus hyperboreus,1417.701858317742,0.5574737821663944,8,8
cvstage+lateral<Calanus glacialis,293.1002703671484,0.6080471626001877,8,8
civstage+lateral<Calanus hyperboreus,428.22994128682024,0.6455734546451367,8,8
cvstage+lateral<Calanus glacialis,316.5858371695676,0.6088860875509011,8,8
female+lateral<Calanus hyperboreus,1682.000949695167,0.5367322488811891,8,8
civstage+lateral<Calanus hyperboreus,262.17004611852195,0.523978673025376,8,8
civstage+lateral<Calanus hyperboreus,289.46762512113725,0.6538827233296097,8,8
civstage+lateral<Calanus hyperboreus,247.7200226731681,0.5396323509609147,8,8
civstage+lateral<Calanus hyperboreus,334.0575696848339,0.5652380827889768,8,8
civstage+lateral<Calanus hyperboreus,343.488482306138,0.6747673277143246,8,8
civstage+lateral<Calanus hyperboreus,123.89189772121702,0.4750660661976383,8,8
civstage+lateral<Calanus hyperboreus,330.0210384977513,0.5523402269356795,8,8
cvstage+lateral<Calanus glacialis,247.83943458941584,0.5272814353494112,8,8
cvstage+lateral<Calanus glacialis,276.1811824000274,0.6681475177975463,8,8
female+lateral<Calanus hyperboreus,1728.5843637826356,0.60587163414288,8,8
female+lateral<Calanus glacialis,225.75105182070516,0.6647550131724028,8,8
cvstage+lateral<Calanus hyperboreus,661.0264809881639,0.5761777069957918,8,8
female+lateral<Calanus hyperboreus,1171.2262244876877,0.5968076844510067,8,8
civstage+lateral<Calanus hyperboreus,314.4054622185408,0.5196077615028242,8,8
cvstage+lateral<Calanus glacialis,331.6469254562685,0.582733556285218,8,8
cvstage+lateral<Calanus hyperboreus,882.6537663000262,0.6489744791659541,8,8
civstage+lateral<Calanus hyperboreus,427.87901620013054,0.6084531787106608,8,8
cvstage+lateral<Calanus hyperboreus,471.67275580810383,0.5166609028237364,8,8
civstage+lateral<Calanus hyperboreus,347.9688641583465,0.5722235060985591,8,8
female+lateral<Calanus hyperboreus,1054.5845770677422,0.6097046524489361,8,8
civstage+lateral<Calanus hyperboreus,273.10360865801243,0.6038501939362617,8,8
female+lateral<Calanus glacialis,299.20539087762785,0.6243405277336896,8,8
female+lateral<Calanus glacialis,229.3607472502578,0.5505353555049626,8,8
civstage+lateral<Calanus hyperboreus,343.2254657768749,0.6085013730231434,8,8
civstage+lateral<Calanus hyperboreus,176.0270314042774,0.4946400575311104,8,8
cvstage+lateral<Calanus hyperboreus,891.2729078564101,0.6752131711170607,8,8
cvstage+lateral<Calanus hyperboreus,659.4308304714241,0.6700289422390203,8,8
cvstage+lateral<Calanus hyperboreus,443.39221091802017,0.5043048715097677,8,8
cvstage+lateral<Calanus glacialis,292.3475897600869,0.5617713239671608,8,8
female+lateral<Calanus hyperboreus,1244.8774568573142,0.5514473935763672,8,8
civstage+lateral<Calanus hyperboreus,364.1858931422104,0.6567681010506442,8,8
cvstage+lateral<Calanus glacialis,353.4607690970882,0.6678203472784052,8,8
cvstage+lateral<Calanus glacialis,350.54622956575673,0.6388115540688499,8,8
cvstage+lateral<Calanus glacialis,367.1334293668788,0.6842906269116151,8,8
cvstage+lateral<Calanus hyperboreus,622.6560586849575,0.5488406474059887,8,8
cvstage+lateral<Calanus glacialis,326.1933335757801,0.6397560941160824,8,8
cvstage+lateral<Calanus glacialis,296.11670813201994,0.6994374262394345,8,8
cvstage+lateral<Calanus hyperboreus,757.31690883372,0.6127310835869091,8,8
female+lateral<Calanus hyperboreus,1085.1369074200738,0.6415438636325751,8,8
civstage+lateral<Calanus hyperboreus,304.0781320560347,0.619334574409303,8,8
civstage+lateral<Calanus hyperboreus,299.9000702026991,0.5712769949304705,8,8
cvstage+lateral<Calanus glacialis,214.9671124060728,0.5360967687656448,8,8
cvstage+lateral<Calanus hyperboreus,1250.1618666446054,0.7083863861324096,8,8
cvstage+lateral<Calanus hyperboreus,919.7413611022232,0.6729333771659735,8,8
civstage+lateral<Calanus hyperboreus,413.9815996309739,0.6326745351983254,8,8
cvstage+lateral<Calanus hyperboreus,317.03529078259675,0.6913252421580394,8,8
cvstage+lateral<Calanus hyperboreus,577.0600047292992,0.7357353158045838,8,8
cvstage+lateral<Calanus hyperboreus,566.1273966895899,0.5749421011775497,8,8
female+lateral<Calanus hyperboreus,1869.370252384659,0.634698310542609,8,8
cvstage+lateral<Calanus hyperboreus,1229.877937560208,0.5873358821099365,8,8
female+lateral<Calanus hyperboreus,1778.6430369985262,0.6081142184969891,8,8
female+lateral<Calanus hyperboreus,1844.1306343421377,0.681532611188907,8,8
cvstage+lateral<Calanus glacialis,366.798128300236,0.696414275422612,8,8
female+lateral<Calanus hyperboreus,2199.7773836248434,0.6527457853600296,8,8
female+lateral<Calanus hyperboreus,994.9823160506004,0.6163448723437752,8,8
female+lateral<Calanus hyperboreus,1619.8550137140433,0.6348253395861627,8,8
civstage+lateral<Calanus hyperboreus,252.08955931109332,0.5723588373034687,8,8
civstage+lateral<Calanus hyperboreus,349.8187108860699,0.6677920092026748,8,8
female+lateral<Calanus hyperboreus,1588.0084865176143,0.6103943530437446,8,8
female+lateral<Calanus hyperboreus,1584.9064955017088,0.5873296997022656,8,8
civstage+lateral<Calanus hyperboreus,434.77262561711535,0.6702186097432943,8,8
cvstage+lateral<Calanus glacialis,325.54588042730984,0.7027344352141914,8,8
cvstage+lateral<Calanus glacialis,303.3172135176331,0.6468213253426408,8,8
cvstage+lateral<Calanus hyperboreus,1260.7752562968524,0.5950952098584238,8,8
cvstage+lateral<Calanus glacialis,370.02075494693,0.7094921075994348,8,8
civstage+lateral<Calanus hyperboreus,335.62398880170326,0.6578201822589295,8,8
civstage+lateral<Calanus hyperboreus,378.04601546084496,0.6852341861491168,8,8
civstage+lateral<Calanus hyperboreus,321.1533094013817,0.5760980049266374,8,8
female+lateral<Calanus hyperboreus,1019.5910741880516,0.6328932564195365,8,8
civstage+lateral<Calanus hyperboreus,306.23712668792564,0.6180066319886078,8,8
civstage+lateral<Calanus hyperboreus,434.77262561711535,0.6542789772577307,8,8
civstage+lateral<Calanus hyperboreus,346.1878336853776,0.5367761794286215,8,8
cvstage+lateral<Calanus hyperboreus,1116.4117589619248,0.5776364266257153,8,8
female+lateral<Calanus hyperboreus,1544.9496341312993,0.6145684249974821,8,8
cvstage+lateral<Calanus hyperboreus,934.030242031752,0.538200385007878,8,8
cvstage+lateral<Calanus glacialis,510.11267969495566,0.6624830287195087,8,8
cvstage+lateral<Calanus glacialis,451.86300479814025,0.6079451296939893,8,8
cvstage+lateral<Calanus glacialis,281.7464303588618,0.6009475034497245,8,8
female+lateral<Calanus hyperboreus,1757.1832523361054,0.5518826198738387,8,8
civstage+lateral<Calanus hyperboreus,393.5634272981163,0.6341343221519512,8,8
cvstage+lateral<Calanus hyperboreus,1121.634167826146,0.6051375752279992,8,8
cvstage+lateral<Calanus hyperboreus,2222.705459341131,0.6338070525904282,8,8
civstage+lateral<Calanus hyperboreus,341.5829635309445,0.6435846589113751,8,8
cvstage+lateral<Calanus hyperboreus,1391.370355909185,0.5933124418589969,8,8
cvstage+lateral<Calanus hyperboreus,823.7869719211111,0.4812614922057868,8,8
civstage+lateral<Calanus hyperboreus,378.9691332946604,0.6335280775779875,8,8
cvstage+lateral<Calanus hyperboreus,1484.0743074017528,0.4943886258795424,8,8
civstage+lateral<Calanus hyperboreus,380.5620339270127,0.6493315579279387,8,8
cvstage+lateral<Calanus hyperboreus,623.0481542546097,0.6091608482647777,8,8
civstage+lateral<Calanus hyperboreus,227.9759140972136,0.5424935238744238,8,8
civstage+lateral<Calanus hyperboreus,296.36848995328364,0.5977402867177165,8,8
cvstage+lateral<Calanus glacialis,282.1806572309836,0.5673941424156295,8,8
cvstage+lateral<Calanus hyperboreus,618.6608578215697,0.5214524283610324,8,8
cvstage+lateral<Calanus hyperboreus,880.0468014136494,0.557798856094766,8,8
cvstage+lateral<Calanus glacialis,389.1208121927826,0.5790785053164914,8,8
female+lateral<Calanus hyperboreus,1591.422747781484,0.61411986052753,8,8
female+lateral<Calanus hyperboreus,1123.1630378529828,0.5570691525049815,8,8
female+lateral<Calanus hyperboreus,991.0214684533324,0.4896631339964762,8,8
female+lateral<Calanus hyperboreus,1219.3423838923447,0.5959637748366624,8,8
female+lateral<Calanus hyperboreus,2369.0683871446527,0.6567541145009583,8,8
civstage+lateral<Calanus hyperboreus,387.07541316887654,0.6498821680832119,8,8
cvstage+lateral<Calanus glacialis,403.04469626230934,0.6608250299845149,8,8
cvstage+lateral<Calanus glacialis,595.1597719278358,0.8157504699624899,8,8
civstage+lateral<Calanus hyperboreus,357.31354542599576,0.6100346070601669,8,8
civstage+lateral<Calanus hyperboreus,279.6517477377449,0.5812059197151088,8,8
female+lateral<Calanus glacialis,194.04226048613475,0.4333958704507249,8,8
female+lateral<Calanus hyperboreus,1507.7400582171372,0.6007184585855357,8,8
civstage+lateral<Calanus hyperboreus,288.28053850186996,0.4956602980869279,8,8
female+lateral<Calanus glacialis,338.93603954010973,0.5517327636669374,8,8
female+lateral<Calanus hyperboreus,1616.5267838957432,0.5908348810552934,8,8
civstage+lateral<Calanus hyperboreus,340.86100127386806,0.5118023533265781,8,8
female+lateral<Calanus hyperboreus,1224.22371614932,0.604018022243925,8,8
civstage+lateral<Calanus hyperboreus,371.05677954074105,0.5525489390765944,8,8
civstage+lateral<Calanus hyperboreus,295.58753026815407,0.6449154331233042,8,8
civstage+lateral<Calanus hyperboreus,257.9304681352404,0.5399290168799682,8,8
cvstage+lateral<Calanus hyperboreus,886.9167096804724,0.5920227430443616,8,8
cvstage+lateral<Calanus hyperboreus,805.6182752297372,0.5436189731611071,8,8
cvstage+lateral<Calanus hyperboreus,532.505838289679,0.5669863538927119,8,8
cvstage+lateral<Calanus hyperboreus,752.3365695958813,0.5306110638992682,8,8
cvstage+lateral<Calanus hyperboreus,637.291016789847,0.5324346059684073,8,8
cvstage+lateral<Calanus hyperboreus,637.2120657635389,0.6008632383921039,8,8
civstage+lateral<Calanus hyperboreus,276.1195310352419,0.5541166484748321,8,8
cvstage+lateral<Calanus hyperboreus,583.741485313641,0.5728227928434009,8,8
cvstage+lateral<Calanus hyperboreus,845.2857628648095,0.6126537592721638,8,8
female+lateral<Calanus hyperboreus,1769.45180934402,0.5421106592310951,8,8
cvstage+lateral<Calanus hyperboreus,756.0709130494545,0.578976333844484,8,8
civstage+lateral<Calanus hyperboreus,291.4935151779827,0.5517157637613207,8,8
cvstage+lateral<Calanus glacialis,162.21644544092382,0.3821839068628556,8,8
cvstage+lateral<Calanus hyperboreus,1081.165301409916,0.6883755068444936,8,8
cvstage+lateral<Calanus glacialis,156.14037071020002,0.455827239192882,8,8
cvstage+lateral<Calanus hyperboreus,775.3263112585734,0.5627939053761118,8,8
civstage+lateral<Calanus hyperboreus,234.6159507198511,0.532467438511719,8,8
cvstage+lateral<Calanus hyperboreus,625.9807785178276,0.4717004114152115,8,8
female+lateral<Calanus glacialis,230.23660101643225,0.4971219269841276,8,8
female+lateral<Calanus hyperboreus,1692.004083841945,0.5332383566047354,8,8
cvstage+lateral<Calanus hyperboreus,610.3814967115694,0.4894190560422408,8,8
civstage+lateral<Calanus hyperboreus,295.5287502811467,0.6084693216495511,8,8
cvstage+lateral<Calanus glacialis,319.06016365974466,0.5560985577945614,8,8
civstage+lateral<Calanus hyperboreus,404.2172877169556,0.6439089267500234,8,8
cvstage+lateral<Calanus hyperboreus,855.4809859203281,0.6031762604770284,8,8
civstage+lateral<Calanus hyperboreus,170.63691078663194,0.5196386519900058,8,8
cvstage+lateral<Calanus hyperboreus,885.6110819003148,0.5549552641567999,8,8
female+lateral<Calanus hyperboreus,2176.8062320516956,0.5910040707144765,8,8
cvstage+lateral<Calanus glacialis,257.6737242938515,0.5787328068245678,8,8
female+lateral<Calanus hyperboreus,1056.7845111940198,0.6033909281922881,8,8
civstage+lateral<Calanus hyperboreus,521.5340988596196,0.7347401432981762,8,8
civstage+lateral<Calanus hyperboreus,262.35219861850584,0.4336442580863845,8,8
female+lateral<Calanus hyperboreus,1902.0165695066169,0.5826898946910442,8,8
civstage+lateral<Calanus hyperboreus,274.6411204902282,0.4778725448541135,8,8
civstage+lateral<Calanus hyperboreus,191.16048709208195,0.4811521725113875,8,8
civstage+lateral<Calanus hyperboreus,331.67059215328993,0.65553576765062,8,8
female+lateral<Calanus hyperboreus,1049.7311964308117,0.5245692184982741,8,8
civstage+lateral<Calanus hyperboreus,281.62240187277587,0.5104425471647251,8,8
female+lateral<Calanus hyperboreus,1628.3928363010643,0.6856397543709212,8,8
female+lateral<Calanus glacialis,331.5167675519179,0.5370284075477271,8,8
female+lateral<Calanus glacialis,296.30553856433164,0.5738455535338348,8,8
civstage+lateral<Calanus hyperboreus,367.73886325812305,0.6169841758394242,8,8
civstage+lateral<Calanus hyperboreus,394.0427516679032,0.5763975652164918,8,8
civstage+lateral<Calanus hyperboreus,410.48885013004,0.5947456713074444,8,8
civstage+lateral<Calanus hyperboreus,165.61996367163272,0.5185939920141457,8,8
cvstage+lateral<Calanus hyperboreus,771.3134127299683,0.5525160052975475,8,8
cvstage+lateral<Calanus hyperboreus,843.2755166353942,0.5350018570953591,8,8
cvstage+lateral<Calanus hyperboreus,742.8181452737266,0.6021291859766139,8,8
female+lateral<Calanus hyperboreus,460.9171988671208,0.4549574528908639,8,8
civstage+lateral<Calanus hyperboreus,413.2173690733284,0.6081913880036092,8,8
cvstage+lateral<Calanus glacialis,365.3238807830695,0.6221609159216577,8,8
cvstage+lateral<Calanus glacialis,443.9672977458936,0.6781544903812596,8,8
cvstage+lateral<Calanus glacialis,327.92894116520546,0.5594461815010504,8,8
cvstage+lateral<Calanus hyperboreus,988.6831653645968,0.6642204748642953,8,8
cvstage+lateral<Calanus hyperboreus,919.7413611022232,0.6072161588937198,8,8
cvstage+lateral<Calanus hyperboreus,710.3993268366197,0.5765064417917535,8,8
female+lateral<Calanus hyperboreus,822.6798515607711,0.6099371896999097,8,8
civstage+lateral<Calanus hyperboreus,241.55960577011427,0.4286132227779178,8,8
cvstage+lateral<Calanus hyperboreus,1320.207580051949,0.6692284823439443,8,8
civstage+lateral<Calanus hyperboreus,367.2508061459893,0.6676403055872928,8,8
civstage+lateral<Calanus hyperboreus,396.0751352152456,0.584820884253812,8,8
civstage+lateral<Calanus hyperboreus,356.31595381721604,0.5373681007835828,8,8
civstage+lateral<Calanus hyperboreus,148.86456510012204,0.3883158839343193,8,8
cvstage+lateral<Calanus glacialis,378.4294390794713,0.6110835240322086,8,8
female+lateral<Calanus hyperboreus,1500.1066654038066,0.5455662946414352,8,8
female+lateral<Calanus hyperboreus,2189.5339033074742,0.6169526035687088,8,8
cvstage+lateral<Calanus hyperboreus,905.9558559924938,0.6319493684712713,8,8
female+lateral<Calanus hyperboreus,1382.7249842220388,0.4347356583601702,8,8
female+lateral<Calanus hyperboreus,1457.6731819516915,0.5902755621293835,8,8
female+lateral<Calanus glacialis,298.16426587934126,0.5817928070613617,8,8
female+lateral<Calanus hyperboreus,1518.548104485659,0.5582374155024794,8,8
civstage+lateral<Calanus hyperboreus,297.326254445883,0.567965928633828,8,8
civstage+lateral<Calanus hyperboreus,113.32968964318847,0.2477681868198507,8,8
cvstage+lateral<Calanus glacialis,223.85954432010223,0.4978981139696993,8,8
civstage+lateral<Calanus hyperboreus,305.72872159575707,0.5904237571718406,8,8
female+lateral<Calanus hyperboreus,1960.6485166092436,0.6380607805419106,8,8
civstage+lateral<Calanus hyperboreus,349.88483047263,0.5269016305590375,8,8
cvstage+lateral<Calanus hyperboreus,802.1510656182745,0.5531732065470335,8,8
civstage+lateral<Calanus hyperboreus,411.27394105059346,0.6057563751752046,8,8
civstage+lateral<Calanus hyperboreus,286.99867672159183,0.551948601628001,8,8
cvstage+lateral<Calanus glacialis,367.8714105750302,0.605909518236826,8,8
civstage+lateral<Calanus hyperboreus,420.040652575459,0.6115899612881714,8,8
civstage+lateral<Calanus hyperboreus,274.0258094210181,0.5187086894624127,8,8
civstage+lateral<Calanus hyperboreus,290.593563349513,0.515939137934766,8,8
cvstage+lateral<Calanus glacialis,442.0529562472645,0.6697136204011417,8,8
female+lateral<Calanus hyperboreus,1011.6868779303744,0.4997494696606068,8,8
civstage+lateral<Calanus hyperboreus,415.3721791676328,0.661214051501316,8,8
civstage+lateral<Calanus hyperboreus,238.04548600770713,0.3861699879964148,8,8
civstage+lateral<Calanus hyperboreus,299.5842478045865,0.5594834735927644,8,8
civstage+lateral<Calanus hyperboreus,232.45984262325905,0.4651355013230688,8,8
civstage+lateral<Calanus hyperboreus,275.19524931342096,0.4843903659187873,8,8
female+lateral<Calanus hyperboreus,1798.355205475021,0.5371786804322765,8,8
female+lateral<Calanus hyperboreus,1869.6958870924968,0.5705070845457962,8,8
female+lateral<Calanus hyperboreus,1303.200154421637,0.4188837392852366,8,8
cvstage+lateral<Calanus glacialis,392.6052964540922,0.6001691386906961,8,8
civstage+lateral<Calanus hyperboreus,319.6072107632458,0.5349548189332612,8,8
civstage+lateral<Calanus hyperboreus,1220.4904136411533,0.5009925164966066,8,8
civstage+lateral<Calanus hyperboreus,436.2540608058909,0.5497197174389262,8,8
civstage+lateral<Calanus hyperboreus,379.13030102725,0.5858203425057649,8,8
cvstage+lateral<Calanus hyperboreus,964.765456516112,0.5033880356018553,8,8
female+lateral<Calanus hyperboreus,1661.732928344161,0.6050747359564336,8,8
female+lateral<Calanus glacialis,427.8088413946779,0.5671306941887498,8,8
female+lateral<Calanus glacialis,379.9416979247828,0.5220922934487165,8,8
female+lateral<Calanus glacialis,355.8486835677819,0.4889579965124975,8,8
female+lateral<Calanus hyperboreus,1799.7503414097737,0.5864461509949425,8,8
female+lateral<Calanus hyperboreus,1560.3868037421498,0.458399481251467,8,8
civstage+lateral<Calanus hyperboreus,278.526947348529,0.4167629570164179,8,8
civstage+lateral<Calanus hyperboreus,447.6610616713676,0.7143308221185577,8,8
civstage+lateral<Calanus hyperboreus,268.81219191214467,0.5397742040293259,8,8
civstage+lateral<Calanus hyperboreus,300.5952257953359,0.5822308373960078,8,8
civstage+lateral<Calanus hyperboreus,446.8078514189654,0.66392199876653,8,8
cvstage+lateral<Calanus hyperboreus,999.7595356873934,0.6157860193310688,8,8
civstage+lateral<Calanus hyperboreus,357.91699862792854,0.5998208402007565,8,8
cvstage+lateral<Calanus hyperboreus,744.7189609770492,0.5722395263925117,8,8
cvstage+lateral<Calanus glacialis,288.78018858067287,0.614275815057672,8,8
cvstage+lateral<Calanus glacialis,395.88588491027775,0.7949008210967089,8,8
cvstage+lateral<Calanus hyperboreus,740.3409811096147,0.5387354301619801,8,8
civstage+lateral<Calanus hyperboreus,406.77287772473346,0.588809367648494,8,8
civstage+lateral<Calanus hyperboreus,331.7770984710375,0.5407915443542197,8,8
civstage+lateral<Calanus hyperboreus,274.6372735285872,0.5496482786993471,8,8
female+lateral<Calanus hyperboreus,1677.794356142576,0.5675686476164868,8,8
female+lateral<Calanus hyperboreus,1725.9335332439473,0.5932477268929408,8,8
female+lateral<Calanus hyperboreus,1664.2493448473192,0.6400382742212452,8,8
female+lateral<Calanus hyperboreus,994.4707440069752,0.4429480119274851,8,8
civstage+lateral<Calanus hyperboreus,341.64861886325104,0.5947409315973206,8,8
female+lateral<Calanus glacialis,575.7570879894964,0.6798029041545522,8,8
civstage+lateral<Calanus hyperboreus,246.2884084235807,0.5398016712456833,8,8
female+lateral<Calanus hyperboreus,803.4190438077002,0.4221803971161076,8,8
female+lateral<Calanus hyperboreus,2143.8398581162396,0.6081419068176348,8,8
civstage+lateral<Calanus hyperboreus,291.15701702479294,0.5790434754381678,8,8
civstage+lateral<Calanus hyperboreus,357.6462592247971,0.5376812930469437,8,8
civstage+lateral<Calanus hyperboreus,427.66850199748234,0.6120291346863657,8,8
cvstage+lateral<Calanus hyperboreus,1421.003546248001,0.6294455740531355,8,8
cvstage+lateral<Calanus hyperboreus,486.0360544701888,0.5247283022013566,8,8
female+lateral<Calanus glacialis,198.09684488149415,0.3882227261698875,8,8
cvstage+lateral<Calanus hyperboreus,968.6056556590704,0.6152122119810037,8,8
civstage+lateral<Calanus hyperboreus,322.0633876235865,0.6091426588128492,8,8
cvstage+lateral<Calanus hyperboreus,963.4269141907027,0.5344234425075042,8,8
cvstage+lateral<Calanus hyperboreus,965.0332309332952,0.6073735994380679,8,8
female+lateral<Calanus glacialis,137.84981609688091,0.3839980685963005,8,8
cvstage+lateral<Calanus hyperboreus,747.3659627370632,0.6124952531273745,8,8
cvstage+lateral<Calanus hyperboreus,870.4208963567886,0.5625169751506734,8,8
cvstage+lateral<Calanus hyperboreus,877.4421186845451,0.6212266071727326,8,8
civstage+lateral<Calanus hyperboreus,336.73484602081135,0.544860594924154,8,8
cvstage+lateral<Calanus hyperboreus,594.3862075521084,0.5270597400050516,8,8
cvstage+lateral<Calanus hyperboreus,1338.5581898713813,0.6761409129583096,8,8
female+lateral<Calanus glacialis,334.64472284123593,0.5290115164989886,8,8
female+lateral<Calanus hyperboreus,1650.8414843001035,0.4842750577319478,8,8
cvstage+lateral<Calanus hyperboreus,908.3537883929488,0.6100149080719877,8,8
cvstage+lateral<Calanus hyperboreus,770.144144823927,0.4838797527059539,8,8
cvstage+lateral<Calanus glacialis,330.1072414471442,0.5458741036075415,8,8
civstage+lateral<Calanus hyperboreus,298.13273339736253,0.5038435747374618,8,8
cvstage+lateral<Calanus hyperboreus,809.1746330792324,0.5559823206251542,8,8
civstage+lateral<Calanus hyperboreus,292.3939339761701,0.5770049148683439,8,8
female+lateral<Calanus hyperboreus,1853.1099321085053,0.6475114316848382,8,8
civstage+lateral<Calanus hyperboreus,447.6610616713676,0.6802557919447385,8,8
civstage+lateral<Calanus hyperboreus,292.34734484008254,0.5577784984403101,8,8
civstage+lateral<Calanus hyperboreus,311.7182212206612,0.583328259356441,8,8
cvstage+lateral<Calanus hyperboreus,385.0332060092002,0.4422916496775231,8,8
civstage+lateral<Calanus hyperboreus,335.7546215258195,0.5510739016575862,8,8
civstage+lateral<Calanus hyperboreus,407.4643949418765,0.5533046203501828,8,8
civstage+lateral<Calanus hyperboreus,529.0652458103933,0.6569416778690584,8,8
civstage+lateral<Calanus hyperboreus,182.7271808798417,0.5379476139153281,8,8
female+lateral<Calanus glacialis,227.6126287625637,0.5877431542140911,8,8
civstage+lateral<Calanus hyperboreus,398.295717227474,0.5678265517220348,8,8
cvstage+lateral<Calanus glacialis,338.89431181385373,0.5937716204916301,8,8
civstage+lateral<Calanus hyperboreus,328.1379737547183,0.5344793912108952,8,8
civstage+lateral<Calanus hyperboreus,297.18015944756013,0.5366056679804461,8,8
cvstage+lateral<Calanus hyperboreus,775.4936489743195,0.5038230513065934,8,8
cvstage+lateral<Calanus hyperboreus,840.0180763425737,0.6008227967219532,8,8
cvstage+lateral<Calanus glacialis,263.6121443955696,0.5133590569212217,8,8
civstage+lateral<Calanus hyperboreus,282.62059144086004,0.5456904237469017,8,8
cvstage+lateral<Calanus hyperboreus,1070.196603738858,0.6087989618967171,8,8
civstage+lateral<Calanus hyperboreus,371.7698213982739,0.5640528674037055,8,8
civstage+lateral<Calanus hyperboreus,302.66074095091716,0.5372250417270201,8,8
cvstage+lateral<Calanus hyperboreus,758.9462465669088,0.4262635575909463,8,8
cvstage+lateral<Calanus hyperboreus,793.9657956900014,0.5599169005529452,8,8
civstage+lateral<Calanus hyperboreus,316.0724069040038,0.495029305871031,8,8
cvstage+lateral<Calanus glacialis,312.2295504578879,0.5731734163953855,8,8
cvstage+lateral<Calanus hyperboreus,425.8453299010355,0.4054802823632839,8,8
civstage+lateral<Calanus hyperboreus,480.9447382207967,0.6229617982515812,8,8
civstage+lateral<Calanus hyperboreus,219.54975024402577,0.4991049829209887,8,8
civstage+lateral<Calanus hyperboreus,202.59477965768005,0.4358270999690612,8,8
civstage+lateral<Calanus hyperboreus,451.5064578518432,0.5963601886576072,8,8
cvstage+lateral<Calanus glacialis,424.7945484382274,0.5308629670085071,8,8
female+lateral<Calanus hyperboreus,1399.1349130493268,0.4681319494816386,8,8
female+lateral<Calanus hyperboreus,1189.6061555464237,0.4932062553732682,8,8
cvstage+lateral<Calanus hyperboreus,866.3761268733473,0.5797254516137887,8,8
female+lateral<Calanus hyperboreus,855.567123698703,0.5515935758172918,8,8
civstage+lateral<Calanus hyperboreus,340.99223353022415,0.568274606026375,8,8
civstage+lateral<Calanus hyperboreus,262.9596437720914,0.4323193419788542,8,8
cvstage+lateral<Calanus glacialis,225.34457100489973,0.4878551178208724,8,8
civstage+lateral<Calanus hyperboreus,318.64578919711016,0.5031008787162344,8,8
cvstage+lateral<Calanus hyperboreus,1255.8512033701663,0.6365464234899055,8,8
civstage+lateral<Calanus hyperboreus,408.57097265346226,0.6653779843634499,8,8
civstage+lateral<Calanus hyperboreus,331.4019768959661,0.5985055873334858,8,8
civstage+lateral<Calanus hyperboreus,368.5426827964933,0.5925981483180565,8,8
civstage+lateral<Calanus hyperboreus,270.2200105090109,0.5443434816686206,8,8
female+lateral<Calanus hyperboreus,1629.7476120850476,0.602079614075479,8,8
female+lateral<Calanus hyperboreus,1825.779639682232,0.6519672654877997,8,8
cvstage+lateral<Calanus glacialis,545.8813461331443,0.7330356058782193,8,8
female+lateral<Calanus hyperboreus,1190.5558661175012,0.5667971593169301,8,8
cvstage+lateral<Calanus glacialis,365.6231624865416,0.5261486099642252,8,8
cvstage+lateral<Calanus glacialis,338.4142581281413,0.5212412177174212,8,8
civstage+lateral<Calanus hyperboreus,319.0923352274651,0.494606866413151,8,8
cvstage+lateral<Calanus glacialis,406.1563376196544,0.6042512190717384,8,8
cvstage+lateral<Calanus glacialis,195.4322590639932,0.3548707088468793,8,8
female+lateral<Calanus hyperboreus,1186.4737017667312,0.4857261895776336,8,8
female+lateral<Calanus hyperboreus,1412.503811650141,0.4363379749018348,8,8
civstage+lateral<Calanus hyperboreus,366.4629178665889,0.5881495240640053,8,8
civstage+lateral<Calanus hyperboreus,199.731829365461,0.4689610448840425,8,8
civstage+lateral<Calanus hyperboreus,405.59809617443,0.6360486651973651,8,8
civstage+lateral<Calanus hyperboreus,365.8597675892533,0.6202254108627618,8,8
civstage+lateral<Calanus hyperboreus,300.40559069901434,0.5609442945005103,8,8
female+lateral<Calanus glacialis,317.02009062320184,0.5758718948529601,8,8
female+lateral<Calanus glacialis,262.8651250160179,0.4915600042798657,8,8
civstage+lateral<Calanus hyperboreus,393.0158393742428,0.5399569802204052,8,8
female+lateral<Calanus hyperboreus,1925.7346343551867,0.5428658666480549,8,8
cvstage+lateral<Calanus glacialis,328.24586195224305,0.5254066305846635,8,8
civstage+lateral<Calanus hyperboreus,269.5892212403605,0.5520476721063547,8,8
female+lateral<Calanus hyperboreus,1393.85760415041,0.5541076186214086,8,8
civstage+lateral<Calanus hyperboreus,222.22905558461355,0.4953265179893806,8,8
cvstage+lateral<Calanus hyperboreus,566.4323620518389,0.5482800188520371,8,8
female+lateral<Calanus hyperboreus,406.4963681337628,0.2133323466407087,8,8
female+lateral<Calanus hyperboreus,1943.497767381714,0.5966750951062928,8,8
female+lateral<Calanus hyperboreus,1517.0172774886378,0.493870432532575,8,8
civstage+lateral<Calanus hyperboreus,368.8784546103328,0.5773769687811047,8,8
female+lateral<Calanus hyperboreus,1392.3650975315804,0.5427320423988777,8,8
civstage+lateral<Calanus hyperboreus,421.5769456131644,0.5897341621886414,8,8
cvstage+lateral<Calanus hyperboreus,775.3263112585734,0.5435727992908234,8,8
cvstage+lateral<Calanus hyperboreus,863.9346642001532,0.5523669948493912,8,8
female+lateral<Calanus hyperboreus,1802.2194425506311,0.5345188550294907,8,8
female+lateral<Calanus hyperboreus,792.9429636734415,0.3701334521508298,8,8
female+lateral<Calanus hyperboreus,1227.6728330982176,0.4804138163612976,8,8
civstage+lateral<Calanus hyperboreus,504.94592498037514,0.6583688512124943,8,8
cvstage+lateral<Calanus hyperboreus,956.8314917764448,0.6031098561709063,8,8
cvstage+lateral<Calanus glacialis,248.19777244199605,0.4761653178437023,8,8
cvstage+lateral<Calanus glacialis,305.030072729416,0.561886097000579,8,8
female+lateral<Calanus glacialis,565.1365948396091,0.6808369811605051,8,8
civstage+lateral<Calanus hyperboreus,347.6115046594363,0.6123741676216111,8,8
cvstage+lateral<Calanus glacialis,358.44514589439774,0.5978380903550295,8,8
civstage+lateral<Calanus hyperboreus,299.8368978495319,0.5180924753226083,8,8
female+lateral<Calanus hyperboreus,979.973933404258,0.5248676831473362,8,8
civstage+lateral<Calanus hyperboreus,352.40011082278085,0.5757904105004515,8,8
cvstage+lateral<Calanus hyperboreus,719.8662644656707,0.5647245932757343,8,8
cvstage+lateral<Calanus hyperboreus,1168.202627661773,0.6256986538608291,8,8
cvstage+lateral<Calanus hyperboreus,525.6831410022461,0.5034658793936874,8,8
cvstage+lateral<Calanus hyperboreus,971.1086746190284,0.5280437809676516,8,8
cvstage+lateral<Calanus hyperboreus,829.6705901256158,0.5526183233269911,8,8
civstage+lateral<Calanus hyperboreus,386.6667161674565,0.5489646293194772,8,8
cvstage+lateral<Calanus hyperboreus,556.4700619443943,0.4655204871507074,8,8
civstage+lateral<Calanus hyperboreus,308.46433345187916,0.5058224058992421,8,8
cvstage+lateral<Calanus hyperboreus,542.7164888320757,0.5128810275082466,8,8
civstage+lateral<Calanus hyperboreus,185.5998216947856,0.4593530674336695,8,8
female+lateral<Calanus hyperboreus,1671.7003332304512,0.5880948724191678,8,8
female+lateral<Calanus hyperboreus,1137.2508463594563,0.5571931674705753,8,8
civstage+lateral<Calanus hyperboreus,288.91237022675847,0.633575496264388,8,8
cvstage+lateral<Calanus glacialis,360.511374405376,0.5349874840353115,8,8
female+lateral<Calanus hyperboreus,1150.3881162777452,0.4152092296922556,8,8
female+lateral<Calanus hyperboreus,2330.587915384154,0.7091226764620332,8,8
civstage+lateral<Calanus hyperboreus,352.56165910668824,0.5860178478551015,8,8
civstage+lateral<Calanus hyperboreus,172.7482450190229,0.4588832722802478,8,8
civstage+lateral<Calanus hyperboreus,208.2999410345843,0.4719825554027113,8,8
cvstage+lateral<Calanus hyperboreus,669.1059026619502,0.4990485173790693,8,8
civstage+lateral<Calanus hyperboreus,342.23968476055063,0.5460815069885853,8,8
female+lateral<Calanus hyperboreus,1533.6767110739595,0.6415087732052215,8,8
cvstage+lateral<Calanus glacialis,268.49199625184633,0.6773037124154294,8,8
civstage+lateral<Calanus hyperboreus,297.61574146399585,0.5597260989403688,8,8
female+lateral<Calanus hyperboreus,1289.4909724460415,0.6233162058347034,8,8
female+lateral<Calanus glacialis,424.3044466126456,0.5715902022589975,8,8
cvstage+lateral<Calanus hyperboreus,902.0159689607108,0.5492327722088969,8,8
civstage+lateral<Calanus hyperboreus,480.3636770881202,0.6440886334331516,8,8
civstage+lateral<Calanus hyperboreus,226.76726656225577,0.4903264499757734,8,8
civstage+lateral<Calanus hyperboreus,247.1279912459243,0.5509145372198634,8,8
female+lateral<Calanus hyperboreus,1432.727812012173,0.4856004706122656,8,8
female+lateral<Calanus hyperboreus,1719.5764523209273,0.5486302582692322,8,8
female+lateral<Calanus hyperboreus,2080.484129341386,0.5926865166372917,8,8
cvstage+lateral<Calanus glacialis,292.2386730378997,0.5525156027553705,8,8
civstage+lateral<Calanus hyperboreus,362.5811115412895,0.5889768750794385,8,8
civstage+lateral<Calanus hyperboreus,404.42432018355305,0.5829099944407957,8,8
civstage+lateral<Calanus hyperboreus,326.97077935916724,0.5669480367791145,8,8
civstage+lateral<Calanus hyperboreus,350.01708073316894,0.5006556218109393,8,8
civstage+lateral<Calanus hyperboreus,275.6880854956434,0.4686409731788735,8,8
female+lateral<Calanus hyperboreus,1313.8466014609658,0.5322397187331366,8,8
civstage+lateral<Calanus hyperboreus,319.6999356259036,0.6225593687499275,8,8
cvstage+lateral<Calanus glacialis,476.0123498383669,0.6028928460019958,8,8
civstage+lateral<Calanus hyperboreus,260.8354053387258,0.5503222313980898,8,8
female+lateral<Calanus hyperboreus,1582.7361695402403,0.5066030000965492,8,8
female+lateral<Calanus hyperboreus,2244.5578587604728,0.6039900927629226,8,8
female+lateral<Calanus hyperboreus,1105.3381157224817,0.446963889275305,8,8
female+lateral<Calanus glacialis,357.3822191086867,0.5644393682425469,8,8
female+lateral<Calanus glacialis,345.3602465408966,0.5163266827437438,8,8
civstage+lateral<Calanus hyperboreus,235.74768740461505,0.4552863173624424,8,8
civstage+lateral<Calanus hyperboreus,310.6698786705695,0.5636115130688852,8,8
civstage+lateral<Calanus hyperboreus,252.0201276221908,0.4784295913433142,8,8
cvstage+lateral<Calanus hyperboreus,700.148595933565,0.5869779285504501,8,8
cvstage+lateral<Calanus glacialis,85.05308130638657,0.2664114528566618,8,8
civstage+lateral<Calanus hyperboreus,365.4578307023223,0.5572370239671484,8,8
female+lateral<Calanus hyperboreus,1771.267562787957,0.5411007948025728,8,8
cvstage+lateral<Calanus glacialis,314.1492407018973,0.5248631980859144,8,8
cvstage+lateral<Calanus glacialis,537.2286400969417,0.7642569596219217,8,8
cvstage+lateral<Calanus hyperboreus,838.2428632933678,0.5619394613172896,8,8
civstage+lateral<Calanus hyperboreus,439.150677464205,0.6990024464323322,8,8
civstage+lateral<Calanus hyperboreus,322.40363474229247,0.6484246619322478,8,8
cvstage+lateral<Calanus glacialis,114.04095219395997,0.378489487127815,8,8
civstage+lateral<Calanus hyperboreus,333.14482680901034,0.5411008533100945,8,8
female+lateral<Calanus hyperboreus,1247.368215492606,0.478368684916859,8,8
cvstage+lateral<Calanus hyperboreus,1087.8178630050422,0.6003966262256696,8,8
cvstage+lateral<Calanus hyperboreus,699.9050685732907,0.5839793307993386,8,8
civstage+lateral<Calanus hyperboreus,193.37610451639324,0.4213764748244111,8,8
civstage+lateral<Calanus hyperboreus,359.0446567542989,0.5894982598361707,8,8
cvstage+lateral<Calanus glacialis,282.98760305132396,0.5632271514915985,8,8
female+lateral<Calanus hyperboreus,1210.4753876637783,0.4059481262781632,8,8
cvstage+lateral<Calanus hyperboreus,656.5615360909769,0.5497398566346825,8,8
civstage+lateral<Calanus hyperboreus,442.4781539885535,0.6465123693274124,8,8
female+lateral<Calanus hyperboreus,1989.2213290860184,0.6063440398056311,8,8
female+lateral<Calanus hyperboreus,1057.6098359875575,0.5670723243885373,8,8
female+lateral<Calanus hyperboreus,1144.0034548246151,0.569508451580395,8,8
civstage+lateral<Calanus hyperboreus,276.1811824000274,0.5976729904517977,8,8
cvstage+lateral<Calanus hyperboreus,649.24573873705,0.6134630063550226,8,8
cvstage+lateral<Calanus hyperboreus,539.5570809378913,0.4778670328105284,8,8
cvstage+lateral<Calanus glacialis,317.42068680383596,0.6221735511192342,8,8
female+lateral<Calanus glacialis,314.66174550933465,0.5822246858536392,8,8
cvstage+lateral<Calanus hyperboreus,873.4290195145877,0.5082097126154177,8,8
civstage+lateral<Calanus hyperboreus,448.7282511977792,0.6132957919607767,8,8
cvstage+lateral<Calanus hyperboreus,812.3233684518548,0.507149604802912,8,8
cvstage+lateral<Calanus glacialis,331.6143845634845,0.6405336855143977,8,8
civstage+lateral<Calanus hyperboreus,350.8375188057949,0.5923961193731646,8,8
civstage+lateral<Calanus hyperboreus,260.94312457991515,0.4912379114675715,8,8
female+lateral<Calanus hyperboreus,1428.6160661701738,0.4988646421692112,8,8
female+lateral<Calanus glacialis,295.37453005986316,0.640561058157609,8,8
civstage+lateral<Calanus hyperboreus,359.51114778632376,0.6595280986725077,8,8
civstage+lateral<Calanus hyperboreus,264.7797175432708,0.5146227024085264,8,8
civstage+lateral<Calanus hyperboreus,393.0842755315443,0.6759412613040702,8,8
civstage+lateral<Calanus hyperboreus,285.20159768563485,0.5648457599254652,8,8
civstage+lateral<Calanus hyperboreus,373.11691587825993,0.558231726519049,8,8
civstage+lateral<Calanus hyperboreus,298.25886924326426,0.5799371429934258,8,8
civstage+lateral<Calanus hyperboreus,185.3258052854553,0.4770778550972809,8,8
cvstage+lateral<Calanus hyperboreus,371.3858199712411,0.6244344947451744,8,8
female+lateral<Calanus hyperboreus,1498.988065184203,0.4919351778997645,8,8
civstage+lateral<Calanus hyperboreus,260.7747877372456,0.5226057454858817,8,8
female+lateral<Calanus glacialis,393.0158393742428,0.5497453248662729,8,8
female+lateral<Calanus glacialis,376.22069467496664,0.5395040480116394,8,8
civstage+lateral<Calanus hyperboreus,261.07791741052495,0.5024341947057944,8,8
civstage+lateral<Calanus hyperboreus,448.01670799966024,0.7177859089126022,8,8
civstage+lateral<Calanus hyperboreus,363.58385441450343,0.5714411426235916,8,8
cvstage+lateral<Calanus hyperboreus,766.3059615702177,0.5529865805048148,8,8
civstage+lateral<Calanus hyperboreus,306.8729842691556,0.5926617319662756,8,8
civstage+lateral<Calanus hyperboreus,316.3290912265672,0.6064885091000096,8,8
female+lateral<Calanus hyperboreus,1294.8183130295,0.5069319285366423,8,8
civstage+lateral<Calanus hyperboreus,324.8367089898601,0.5608378091497351,8,8
female+lateral<Calanus hyperboreus,2022.6917913632017,0.6152167242722321,8,8
cvstage+lateral<Calanus hyperboreus,734.5704615342472,0.5997808778023026,8,8
civstage+lateral<Calanus hyperboreus,316.7142332423508,0.4920090231743412,8,8
civstage+lateral<Calanus hyperboreus,324.6400855577439,0.5870027696016746,8,8
cvstage+lateral<Calanus glacialis,102.20815917984034,0.4251493230338982,8,8
cvstage+lateral<Calanus hyperboreus,1268.7042961075786,0.5835900448831791,8,8
cvstage+lateral<Calanus glacialis,268.9179837163594,0.5753411289929186,8,8
civstage+lateral<Calanus hyperboreus,151.64067438866564,0.4539820223811527,8,8
cvstage+lateral<Calanus hyperboreus,646.4689300894526,0.5103159312528898,8,8
female+lateral<Calanus hyperboreus,2076.1162333739944,0.5814547589446926,8,8
female+lateral<Calanus hyperboreus,1533.8814552616418,0.5950215036700862,8,8
civstage+lateral<Calanus hyperboreus,415.23305915903825,0.6757299503370361,8,8
cvstage+lateral<Calanus glacialis,320.5088334582357,0.5838014215091796,8,8
female+lateral<Calanus hyperboreus,1383.022835062274,0.573476741228802,8,8
female+lateral<Calanus glacialis,406.77287772473346,0.6077534679758178,8,8
female+lateral<Calanus glacialis,376.3558139867015,0.64379237362831,8,8
civstage+lateral<Calanus hyperboreus,315.9440878567713,0.5528264351080262,8,8
civstage+lateral<Calanus hyperboreus,329.5662138869363,0.6090061213600366,8,8
cvstage+lateral<Calanus glacialis,283.45691024243536,0.5164554515040003,8,8
civstage+lateral<Calanus hyperboreus,135.0988710188097,0.4210236745632404,8,8
cvstage+lateral<Calanus glacialis,193.4315916288922,0.3619190646178729,8,8
cvstage+lateral<Calanus glacialis,345.9451910134529,0.5400860538301109,8,8
cvstage+lateral<Calanus glacialis,351.1712233693367,0.556311061474354,8,8
civstage+lateral<Calanus hyperboreus,486.98548535204975,0.6953591338669473,8,8
female+lateral<Calanus hyperboreus,1609.6687088637068,0.5422226382799102,8,8
civstage+lateral<Calanus hyperboreus,371.4332730349429,0.6164495076706223,8,8
cvstage+lateral<Calanus glacialis,310.3199797719369,0.7273789833010309,8,8
civstage+lateral<Calanus hyperboreus,315.5176687392745,0.5382156162101462,8,8
cvstage+lateral<Calanus hyperboreus,498.54612319374553,0.5130422850822832,8,8
civstage+lateral<Calanus hyperboreus,144.0561670913001,0.4668755206852729,8,8
cvstage+lateral<Calanus hyperboreus,943.8582935896436,0.6736946393496398,8,8
cvstage+lateral<Calanus hyperboreus,564.1463065081587,0.5398164585117075,8,8
cvstage+lateral<Calanus glacialis,96.84439895648964,0.3504376040299343,8,8
cvstage+lateral<Calanus hyperboreus,171.77924370025727,0.4066830284620455,8,8
cvstage+lateral<Calanus hyperboreus,447.0211088445775,0.41937769771902,8,8
civstage+lateral<Calanus hyperboreus,177.16134039665317,0.4591390507542671,8,8
cvstage+lateral<Calanus glacialis,120.69408247823036,0.3162257895708189,8,8
civstage+lateral<Calanus hyperboreus,321.6046703190121,0.5659796869008242,8,8
female+lateral<Calanus hyperboreus,945.0099072466774,0.4199095199283107,8,8
cvstage+lateral<Calanus hyperboreus,526.6010626012489,0.4648551168672242,8,8
cvstage+lateral<Calanus hyperboreus,547.9187688587326,0.4913156415407306,8,8
cvstage+lateral<Calanus hyperboreus,398.15831415143185,0.3899797684248798,8,8
civstage+lateral<Calanus hyperboreus,137.0783687269305,0.3655641881194257,8,8
civstage+lateral<Calanus hyperboreus,287.1341710664542,0.6761925445321713,8,8
civstage+lateral<Calanus hyperboreus,236.51872797581996,0.55429378320506,8,8
civstage+lateral<Calanus hyperboreus,331.90728659380284,0.5160077409004412,8,8
cvstage+lateral<Calanus hyperboreus,366.194814798176,0.482985890798896,8,8
cvstage+lateral<Calanus hyperboreus,563.7655631942442,0.4970984747141898,8,8
cvstage+lateral<Calanus hyperboreus,1058.9858007017406,0.6557312660576861,8,8
cvstage+lateral<Calanus hyperboreus,367.80430326391104,0.4864188331178343,8,8
cvstage+lateral<Calanus hyperboreus,400.9806309797584,0.5394013142441754,8,8
civstage+lateral<Calanus hyperboreus,152.19691897487118,0.4071063706234243,8,8
cvstage+lateral<Calanus hyperboreus,432.5180692996046,0.4966727454303483,8,8
cvstage+lateral<Calanus glacialis,110.83375774587076,0.3933472867807909,8,8
civstage+lateral<Calanus hyperboreus,268.017431210136,0.550523972167498,8,8
cvstage+lateral<Calanus hyperboreus,447.9990289312837,0.4662312617430118,8,8
cvstage+lateral<Calanus hyperboreus,434.2896714387316,0.4965132133825206,8,8
cvstage+lateral<Calanus hyperboreus,383.7414621773258,0.4665577516464804,8,8
cvstage+lateral<Calanus hyperboreus,415.98134630836665,0.4631228960641954,8,8
civstage+lateral<Calanus hyperboreus,176.837032255828,0.4630544915510083,8,8
civstage+lateral<Calanus hyperboreus,189.72439271167264,0.4209404799640379,8,8
civstage+lateral<Calanus hyperboreus,286.3468141738945,0.5745107161383244,8,8
civstage+lateral<Calanus hyperboreus,250.53069591802773,0.5173241381262399,8,8
cvstage+lateral<Calanus hyperboreus,387.8250225639966,0.4253689826544515,8,8
cvstage+lateral<Calanus hyperboreus,450.4373166719372,0.5405991090031129,8,8
cvstage+lateral<Calanus hyperboreus,454.07545256121097,0.5104728335551276,8,8
cvstage+lateral<Calanus hyperboreus,475.577861718406,0.5573084814207387,8,8
cvstage+lateral<Calanus glacialis,104.06490917896588,0.3177830734482478,8,8
cvstage+lateral<Calanus hyperboreus,319.671587466454,0.4108954047097214,8,8
cvstage+lateral<Calanus glacialis,151.68026979088182,0.4470786956904138,8,8
civstage+lateral<Calanus hyperboreus,325.110731039163,0.6399735601010312,8,8
cvstage+lateral<Calanus hyperboreus,509.6322547456688,0.5741636374567716,8,8
cvstage+lateral<Calanus hyperboreus,473.1902763233455,0.5776298043994542,8,8
cvstage+lateral<Calanus hyperboreus,452.5049990274504,0.4852525037123829,8,8
cvstage+lateral<Calanus hyperboreus,475.2158779451632,0.485730159672482,8,8
cvstage+lateral<Calanus hyperboreus,537.6790735737402,0.5707431271973142,8,8
civstage+lateral<Calanus hyperboreus,112.20763754532912,0.421549367011517,8,8
civstage+lateral<Calanus hyperboreus,102.7521472063891,0.3774331129860729,8,8
cvstage+lateral<Calanus hyperboreus,552.1516820802877,0.5685863898446359,8,8
cvstage+lateral<Calanus hyperboreus,499.3539592949178,0.5640950675361578,8,8
civstage+lateral<Calanus hyperboreus,124.80145467978792,0.4620442905468664,8,8
cvstage+lateral<Calanus hyperboreus,418.0180759671914,0.4681762138250041,8,8
civstage+lateral<Calanus hyperboreus,416.69450641335214,0.7237036472953954,8,8
cvstage+lateral<Calanus hyperboreus,572.4653669564144,0.4825588626385608,8,8
cvstage+lateral<Calanus hyperboreus,526.9742049288695,0.5074819790548811,8,8
cvstage+lateral<Calanus hyperboreus,516.2590872729925,0.4753008171508187,8,8
civstage+lateral<Calanus hyperboreus,143.332025481945,0.4320448225105124,8,8
cvstage+lateral<Calanus hyperboreus,544.2982371166385,0.4906767503078126,8,8
female+lateral<Calanus glacialis,243.31377727663104,0.4503586338581387,8,8
female+lateral<Calanus glacialis,461.0188708834297,0.6448975938295324,8,8
female+lateral<Calanus hyperboreus,2062.805349836666,0.6550096356611819,8,8
cvstage+lateral<Calanus glacialis,216.05566262678445,0.4578494011045301,8,8
cvstage+lateral<Calanus glacialis,257.6888247791615,0.5995122682497349,8,8
cvstage+lateral<Calanus hyperboreus,1023.020188931508,0.6684394308278083,8,8
cvstage+lateral<Calanus hyperboreus,383.6735112350791,0.3487862848248433,8,8
female+lateral<Calanus hyperboreus,1358.2671845449229,0.5826052051523943,8,8
civstage+lateral<Calanus hyperboreus,497.7386740775785,0.6894259533201512,8,8
civstage+lateral<Calanus hyperboreus,249.51298694718875,0.4620091732070219,8,8
cvstage+lateral<Calanus hyperboreus,1167.919284003228,0.5892711879835828,8,8
cvstage+lateral<Calanus hyperboreus,776.0794150834537,0.5364520238182258,8,8
cvstage+lateral<Calanus glacialis,102.53007446800451,0.2795746502699796,8,8
cvstage+lateral<Calanus hyperboreus,1088.835288895593,0.6603291715871019,8,8
civstage+lateral<Calanus hyperboreus,441.5570450650496,0.6952539247128634,8,8
female+lateral<Calanus glacialis,336.2380933125145,0.6351071349458304,8,8
civstage+lateral<Calanus hyperboreus,497.4451522139004,0.7264614297136562,8,8
female+lateral<Calanus hyperboreus,1336.5919823663196,0.5746005348544038,8,8
cvstage+lateral<Calanus hyperboreus,741.3315530684314,0.5306840833092501,8,8
cvstage+lateral<Calanus glacialis,239.292054856913,0.6275424530390946,8,8
cvstage+lateral<Calanus glacialis,165.5781247714984,0.4669993520829021,8,8
cvstage+lateral<Calanus hyperboreus,825.5763270289189,0.706310235511972,8,8
female+lateral<Calanus hyperboreus,1002.827727961936,0.613692463280215,8,8
cvstage+lateral<Calanus glacialis,481.9873144887211,0.687943082270765,8,8
civstage+lateral<Calanus hyperboreus,254.50720268184745,0.5627821541385948,8,8
cvstage+lateral<Calanus hyperboreus,838.3907552829997,0.6236315612297821,8,8
cvstage+lateral<Calanus hyperboreus,641.1631581899705,0.5590904285964283,8,8
female+lateral<Calanus glacialis,363.4746726141162,0.5641218222725142,8,8
cvstage+lateral<Calanus hyperboreus,848.6842162176481,0.6483432839503843,8,8
female+lateral<Calanus hyperboreus,1513.4471244639058,0.5743138142629468,8,8
civstage+lateral<Calanus hyperboreus,296.0702357097683,0.5598210085736659,8,8
civstage+lateral<Calanus hyperboreus,367.7371995740576,0.752393193492381,8,8
cvstage+lateral<Calanus hyperboreus,563.5371537035969,0.5263368091219552,8,8
female+lateral<Calanus glacialis,362.4474743935544,0.6329222037670552,8,8
female+lateral<Calanus hyperboreus,1523.4498181488166,0.6081945272065008,8,8
cvstage+lateral<Calanus glacialis,274.1193103931423,0.5926726352733277,8,8
civstage+lateral<Calanus hyperboreus,421.9962224241175,0.5585042432829758,8,8
cvstage+lateral<Calanus glacialis,199.829649150573,0.4885850448421348,8,8
female+lateral<Calanus hyperboreus,1149.921675810276,0.4689905055014106,8,8
cvstage+lateral<Calanus hyperboreus,916.7507445562552,0.6060473986289936,8,8
cvstage+lateral<Calanus hyperboreus,337.3887983528592,0.3350027780557723,8,8
cvstage+lateral<Calanus hyperboreus,310.63247011811444,0.3357303337957869,8,8
cvstage+lateral<Calanus glacialis,362.943118642648,0.6751550890744108,8,8
female+lateral<Calanus hyperboreus,1199.7796788144756,0.6360261067624557,8,8
civstage+lateral<Calanus hyperboreus,391.81296338577584,0.6337468375097886,8,8
female+lateral<Calanus glacialis,178.1932826458945,0.4642313079578534,8,8
civstage+lateral<Calanus hyperboreus,261.5159552134877,0.5343734387980191,8,8
cvstage+lateral<Calanus hyperboreus,1026.6547254459024,0.6009320884785035,8,8
cvstage+lateral<Calanus hyperboreus,701.7727518158081,0.5648032588965504,8,8
cvstage+lateral<Calanus hyperboreus,873.7994021536623,0.6263175357630181,8,8
cvstage+lateral<Calanus hyperboreus,291.19853714115857,0.5861816607147922,8,8
cvstage+lateral<Calanus hyperboreus,327.943355940974,0.3184989259605118,8,8
female+lateral<Calanus hyperboreus,1667.6063181400614,0.5647638266984051,8,8
civstage+lateral<Calanus hyperboreus,523.0973496285665,0.7685530217974784,8,8
female+lateral<Calanus glacialis,238.42082855901097,0.4997104503950202,8,8
female+lateral<Calanus glacialis,446.09721076581025,0.6822946937734993,8,8
civstage+lateral<Calanus hyperboreus,261.62381320958474,0.5402366418351652,8,8
female+lateral<Calanus hyperboreus,1810.8154124167231,0.6294672269778706,8,8
cvstage+lateral<Calanus hyperboreus,548.3718342288462,0.5383145122052128,8,8
civstage+lateral<Calanus hyperboreus,315.7938098865036,0.5147293807662457,8,8
civstage+lateral<Calanus hyperboreus,486.03787214619547,0.6648070784519701,8,8
female+lateral<Calanus hyperboreus,966.8189552599216,0.4974787811700908,8,8
civstage+lateral<Calanus hyperboreus,342.37107376867266,0.6255942349420314,8,8
female+lateral<Calanus glacialis,423.8145121686635,0.6322055260135663,8,8
civstage+lateral<Calanus hyperboreus,438.30230045584943,0.654856651234667,8,8
civstage+lateral<Calanus hyperboreus,196.4348729656792,0.4329271391515128,8,8
female+lateral<Calanus hyperboreus,1377.1685867512958,0.6351517529532877,8,8
cvstage+lateral<Calanus glacialis,519.1174738730972,0.7392972361847666,8,8
female+lateral<Calanus glacialis,233.5738300794707,0.4973733287557561,8,8
cvstage+lateral<Calanus hyperboreus,635.2842108065744,0.5196810729243339,8,8
civstage+lateral<Calanus hyperboreus,437.7369854370222,0.6032821786464386,8,8
cvstage+lateral<Calanus hyperboreus,1140.4381046742044,0.6382990198664237,8,8
female+lateral<Calanus hyperboreus,1716.9297173099092,0.5415667531656949,8,8
civstage+lateral<Calanus hyperboreus,284.17931329474766,0.5439725038181653,8,8
civstage+lateral<Calanus hyperboreus,386.0151466282482,0.5747063059102334,8,8
civstage+lateral<Calanus hyperboreus,200.93723674321453,0.529644817726027,8,8
female+lateral<Calanus hyperboreus,900.429340565123,0.4668385546576558,8,8
female+lateral<Calanus glacialis,122.24935902251454,0.4019576499244027,8,8
female+lateral<Calanus glacialis,302.02932710465586,0.6127953407724672,8,8
female+lateral<Calanus glacialis,303.88784956106286,0.6006278548705586,8,8
female+lateral<Calanus glacialis,313.57296825778525,0.6047854418785531,8,8
cvstage+lateral<Calanus glacialis,470.5175179445112,0.7278717301837284,8,8
civstage+lateral<Calanus hyperboreus,276.5511760627829,0.5883499657704011,8,8
female+lateral<Calanus glacialis,48.402077482057386,0.2448814481827671,8,8
female+lateral<Calanus glacialis,264.22986864035005,0.482910909014226,8,8
civstage+lateral<Calanus hyperboreus,344.21208492398165,0.6212823757595489,8,8
civstage+lateral<Calanus hyperboreus,325.4758467890928,0.5755626679580752,8,8
cvstage+lateral<Calanus hyperboreus,705.5125307247191,0.5972455462336043,8,8
cvstage+lateral<Calanus hyperboreus,352.99661509553135,0.3780250997634241,8,8
cvstage+lateral<Calanus hyperboreus,488.6633683348627,0.6320303644904045,8,8
civstage+lateral<Calanus hyperboreus,390.28128586445297,0.6427533846449858,8,8
female+lateral<Calanus hyperboreus,1121.540847329249,0.4960485436812676,8,8
female+lateral<Calanus glacialis,137.50489733422674,0.4226783522786385,8,8
civstage+lateral<Calanus hyperboreus,274.7380054413341,0.5821092469110697,8,8
female+lateral<Calanus glacialis,401.11556743595986,0.5813016363481639,8,8
female+lateral<Calanus glacialis,327.3597074613559,0.5884097551114996,8,8
female+lateral<Calanus glacialis,287.23409184860907,0.6389011274632652,8,8
female+lateral<Calanus glacialis,44.03844466123942,0.2863137720986076,8,8
female+lateral<Calanus glacialis,328.8045456726446,0.6239866166374287,8,8
civstage+lateral<Calanus hyperboreus,317.2922060765822,0.5658004253265813,8,8
civstage+lateral<Calanus hyperboreus,320.5088334582357,0.5357809740835467,8,8
cvstage+lateral<Calanus hyperboreus,944.5677961650772,0.6285537554366196,8,8
civstage+lateral<Calanus hyperboreus,276.5511760627829,0.5679561085524496,8,8
civstage+lateral<Calanus hyperboreus,357.8459314614456,0.6202037217803172,8,8
civstage+lateral<Calanus hyperboreus,219.61905645130463,0.5303876579346622,8,8
female+lateral<Calanus glacialis,283.1118090399933,0.5681157269888141,8,8
female+lateral<Calanus glacialis,211.86433547696748,0.5617074725811327,8,8
female+lateral<Calanus hyperboreus,1606.5542544935502,0.6528191835816037,8,8
female+lateral<Calanus glacialis,455.0756695303043,0.6550965919646956,8,8
female+lateral<Calanus glacialis,386.3943224572959,0.7187289526482259,8,8
cvstage+lateral<Calanus glacialis,343.9056063874286,0.6425354727514502,8,8
civstage+lateral<Calanus hyperboreus,318.39907182763136,0.6015784999855368,8,8
civstage+lateral<Calanus hyperboreus,174.21516335064632,0.4718209382171937,8,8
civstage+lateral<Calanus hyperboreus,469.7959199388512,0.6085810998667853,8,8
female+lateral<Calanus glacialis,300.5320101637373,0.5656042495125464,8,8
civstage+lateral<Calanus hyperboreus,172.72454753174216,0.5075696418838636,8,8
female+lateral<Calanus glacialis,135.45743693803303,0.4286729155099015,8,8
female+lateral<Calanus glacialis,291.4701862989837,0.4752252560110966,8,8
female+lateral<Calanus glacialis,314.61009161159916,0.6414610857867301,8,8
female+lateral<Calanus hyperboreus,1774.1525383074738,0.6342954486880076,8,8
female+lateral<Calanus glacialis,341.1234807264599,0.60623613584933,8,8
civstage+lateral<Calanus hyperboreus,236.39511680253247,0.5474725326076407,8,8
female+lateral<Calanus glacialis,226.79624988719652,0.5227248254553591,8,8
female+lateral<Calanus glacialis,354.65513585695203,0.6466177400760503,8,8
civstage+lateral<Calanus hyperboreus,212.60277931178425,0.4820367948244779,8,8
female+lateral<Calanus hyperboreus,1870.1300927978575,0.5997156605538779,8,8
cvstage+lateral<Calanus glacialis,355.18634787911645,0.5433397174646526,8,8
female+lateral<Calanus glacialis,269.60764822297205,0.5731872604825378,8,8
female+lateral<Calanus glacialis,270.7714877476298,0.5372494619538863,8,8
cvstage+lateral<Calanus glacialis,244.2050436962814,0.5190993620893607,8,8
female+lateral<Calanus glacialis,296.1796476533565,0.6296440085925151,8,8
civstage+lateral<Calanus glacialis,82.68053986141432,0.4356689890616939,8,8
civstage+lateral<Calanus glacialis,115.404865929253,0.5631747970996261,8,8
civstage+lateral<Calanus hyperboreus,190.4657118471456,0.4336724786955129,8,8
cvstage+lateral<Calanus glacialis,297.8174628367266,0.5287459754927729,8,8
civstage+lateral<Calanus glacialis,100.51207671226568,0.5603035095239829,8,8
civstage+lateral<Calanus hyperboreus,181.1483335903214,0.4912427909468049,8,8
civstage+lateral<Calanus glacialis,101.67239939754565,0.5510581359295503,8,8
civstage+lateral<Calanus glacialis,113.32968964318847,0.6264157192399589,8,8
civstage+lateral<Calanus glacialis,93.96237123095544,0.5358371494677845,8,8
civstage+lateral<Calanus glacialis,126.966756548934,0.6904510353525054,8,8
female+lateral<Calanus glacialis,276.4342525106993,0.5334724226488198,8,8
female+lateral<Calanus glacialis,283.3546610494661,0.5266262647766063,8,8
female+lateral<Calanus glacialis,260.19506332349687,0.5037048059207309,8,8
female+lateral<Calanus glacialis,242.00833175790217,0.483904003320892,8,8
female+lateral<Calanus glacialis,218.0076471074888,0.4829405057234581,8,8
female+lateral<Calanus glacialis,192.65520075114043,0.2586368164803098,8,8
female+lateral<Calanus glacialis,174.01868201606425,0.300316148845555,8,8
cvstage+lateral<Calanus glacialis,287.65633593715233,0.4712497937466199,8,8
cvstage+lateral<Calanus glacialis,235.51287286508008,0.5296423064300494,8,8
female+lateral<Calanus hyperboreus,1931.5407191286663,0.5923295780135074,8,8
female+lateral<Calanus hyperboreus,1053.6683381485404,0.5302855947702139,8,8
female+lateral<Calanus hyperboreus,1109.0567050739864,0.4696568447012405,8,8
female+lateral<Calanus hyperboreus,1446.6936051776067,0.4795223648750155,8,8
civstage+lateral<Calanus hyperboreus,187.13652376560145,0.5140947566138481,8,9
civstage+lateral<Calanus hyperboreus,175.3259211281595,0.4802544666369573,8,9
female+lateral<Calanus hyperboreus,664.7807452788943,0.3704761512597623,8,9
cvstage+lateral<Calanus hyperboreus,512.0357176273674,0.5512009322124876,8,9
cvstage+lateral<Calanus hyperboreus,455.00420387643607,0.3818203120100512,8,9
cvstage+lateral<Calanus hyperboreus,489.90463917270506,0.5070731150183712,8,9
cvstage+lateral<Calanus hyperboreus,195.5435856515073,0.3350787835572525,8,9
cvstage+lateral<Calanus hyperboreus,303.000330605178,0.3172089721632071,8,9
cvstage+lateral<Calanus hyperboreus,405.18370741238033,0.5172695656683677,8,9
civstage+lateral<Calanus hyperboreus,106.07096231882004,0.3531625337814316,8,9
cvstage+lateral<Calanus hyperboreus,417.46063220970495,0.3893355945290399,8,9
female+lateral<Calanus hyperboreus,1782.7087607942055,0.5977250385343513,8,9
civstage+lateral<Calanus hyperboreus,124.03783949530188,0.3070936505717984,8,9
cvstage+lateral<Calanus hyperboreus,435.19574070939245,0.4936383443342578,8,9
cvstage+lateral<Calanus hyperboreus,536.5531992840781,0.4740876835624578,8,9
female+lateral<Calanus hyperboreus,1136.0328862468486,0.4831814062666536,8,9
female+lateral<Calanus hyperboreus,1354.7132812693712,0.5625752113880859,8,9
civstage+lateral<Calanus hyperboreus,142.26749266251863,0.4646254675363,8,9
civstage+lateral<Calanus hyperboreus,156.24454792395565,0.4182940401390392,8,9
civstage+lateral<Calanus hyperboreus,84.82215362590254,0.2996819541257337,8,9
cvstage+lateral<Calanus hyperboreus,756.4861775484002,0.6228665369472813,8,9
cvstage+lateral<Calanus hyperboreus,588.439743792778,0.4819416826048304,8,9
cvstage+lateral<Calanus hyperboreus,437.7369854370222,0.440441301623254,8,9
female+lateral<Calanus hyperboreus,842.760936095473,0.4465773829513642,8,9
female+lateral<Calanus hyperboreus,738.9383416714003,0.4538235527121833,8,9
cvstage+lateral<Calanus hyperboreus,1074.8934229253557,0.7341425026184303,8,9
female+lateral<Calanus hyperboreus,578.8427769234429,0.380946631415183,8,9
female+lateral<Calanus hyperboreus,784.7136455475089,0.4335938300189764,8,9
female+lateral<Calanus hyperboreus,720.2027803723975,0.4511795093310516,8,9
cvstage+lateral<Calanus hyperboreus,425.0046432974703,0.4948969269776802,8,9
civstage+lateral<Calanus hyperboreus,110.26282433898304,0.3400834033374649,8,9
female+lateral<Calanus hyperboreus,676.3222150061986,0.3743182911839363,8,9
female+lateral<Calanus hyperboreus,1088.8727015045515,0.4945588831610459,8,9
cvstage+lateral<Calanus hyperboreus,298.82667578437434,0.4151957685687855,8,9
cvstage+lateral<Calanus hyperboreus,249.57281825505495,0.4260379450137672,8,9
cvstage+lateral<Calanus hyperboreus,185.1066783969312,0.2851759243630909,8,9
cvstage+lateral<Calanus hyperboreus,290.9691632648776,0.3571324474750726,8,9
female+lateral<Calanus hyperboreus,1020.9320576584902,0.4848075495915387,8,9
female+lateral<Calanus hyperboreus,423.53462481056783,0.2106526068995621,8,9
civstage+lateral<Calanus hyperboreus,138.16016479839854,0.4751607695946448,8,9
female+lateral<Calanus hyperboreus,489.53946283694694,0.3528681772614706,8,9
cvstage+lateral<Calanus hyperboreus,353.65974745500057,0.5632301846571989,8,9
female+lateral<Calanus hyperboreus,787.5647864200531,0.4004316793490143,8,9
female+lateral<Calanus hyperboreus,1301.5275632970106,0.6018750917393677,8,9
cvstage+lateral<Calanus hyperboreus,312.10169491099197,0.3665204992906231,8,9
cvstage+lateral<Calanus hyperboreus,402.9757516785691,0.5095169093505317,8,9
female+lateral<Calanus hyperboreus,605.165368842932,0.3663579478354739,8,9
cvstage+lateral<Calanus hyperboreus,134.67768194306592,0.3384245296046063,8,9
cvstage+lateral<Calanus hyperboreus,179.76211931229582,0.2925145776274964,8,9
cvstage+lateral<Calanus hyperboreus,290.0304326296358,0.5079109966470869,8,9
civstage+lateral<Calanus hyperboreus,294.79589267861564,0.407279770191386,8,9
female+lateral<Calanus hyperboreus,1267.059262972548,0.5757734756199598,8,9
civstage+lateral<Calanus hyperboreus,90.79622429559224,0.2741443817791611,8,9
cvstage+lateral<Calanus hyperboreus,318.5133938357327,0.4835155209640526,8,9
female+lateral<Calanus hyperboreus,807.3112011166917,0.4416202835458028,8,9
female+lateral<Calanus hyperboreus,898.8677189486322,0.5379354813996028,8,9
civstage+lateral<Calanus hyperboreus,107.51882044760087,0.4670515678582684,8,9
civstage+lateral<Calanus hyperboreus,117.20521738234665,0.5262484249984066,8,9
cvstage+lateral<Calanus hyperboreus,487.35009729924064,0.5591777572116077,8,9
cvstage+lateral<Calanus hyperboreus,387.0072881342054,0.4490944761370289,8,9
cvstage+lateral<Calanus hyperboreus,318.3847824301438,0.4427455346764368,8,9
female+lateral<Calanus hyperboreus,637.291016789847,0.4105245489476694,8,9
female+lateral<Calanus hyperboreus,467.7771894184271,0.4342142579345674,8,9
cvstage+lateral<Calanus hyperboreus,818.7658874356782,0.748355110034739,8,9
female+lateral<Calanus hyperboreus,508.8564665848182,0.376930722858089,8,9
female+lateral<Calanus hyperboreus,555.1810830031926,0.3996216956091747,8,9
female+lateral<Calanus hyperboreus,586.0507121432453,0.4466065026317975,8,9
female+lateral<Calanus glacialis,148.74532020623244,0.4299955339170282,8,9
female+lateral<Calanus glacialis,281.35430291399547,0.5612587367556691,8,9
cvstage+lateral<Calanus hyperboreus,324.25211634874915,0.4899247931664214,8,9
civstage+lateral<Calanus hyperboreus,77.99208159993019,0.3010084332559921,8,9
female+lateral<Calanus hyperboreus,461.1623617167591,0.3412943236020154,8,9
female+lateral<Calanus hyperboreus,680.3920176291049,0.4420674250279149,8,9
female+lateral<Calanus hyperboreus,597.5597114048637,0.3330811797823957,8,9
cvstage+lateral<Calanus hyperboreus,187.35635835089116,0.3619289300027531,8,9
cvstage+lateral<Calanus hyperboreus,288.7280681515128,0.5448787893250396,8,9
civstage+lateral<Calanus hyperboreus,200.6848066299361,0.6531638880574759,8,9
civstage+lateral<Calanus hyperboreus,56.47262280851886,0.2329358248079454,8,9
female+lateral<Calanus glacialis,385.7135866521684,0.6017579738993165,8,9
cvstage+lateral<Calanus hyperboreus,230.1781800542884,0.2368027532702559,8,9
female+lateral<Calanus hyperboreus,786.2254375925728,0.4680867114934348,8,9
civstage+lateral<Calanus hyperboreus,110.63893986942024,0.3994208679106852,8,9
female+lateral<Calanus hyperboreus,446.95001969179873,0.2744132285253768,8,9
female+lateral<Calanus hyperboreus,340.1767392157085,0.2827842441995901,8,9
female+lateral<Calanus hyperboreus,205.92180777699045,0.191061072946786,8,9
civstage+lateral<Calanus hyperboreus,133.32007015727342,0.4412198950590851,8,9
female+lateral<Calanus hyperboreus,571.6241959820695,0.3469254452164237,8,9
cvstage+lateral<Calanus hyperboreus,423.1148963326056,0.5827679829090877,8,9
female+lateral<Calanus hyperboreus,462.5261830821726,0.3453275292392953,8,9
female+lateral<Calanus glacialis,149.20760463494432,0.3270230268846148,8,9
female+lateral<Calanus glacialis,165.65097098410476,0.3501782847242498,8,9
cvstage+lateral<Calanus hyperboreus,416.9034085299582,0.4214195057234243,8,9
cvstage+lateral<Calanus hyperboreus,446.594624094787,0.6134445395761124,8,9
female+lateral<Calanus hyperboreus,393.53426012672435,0.2282720826253301,8,9
cvstage+lateral<Calanus hyperboreus,143.53589956923716,0.2899660602880783,8,9
cvstage+lateral<Calanus hyperboreus,233.0459554599368,0.3318721780451513,8,9
cvstage+lateral<Calanus hyperboreus,356.44891836169535,0.5201205408901084,8,9
civstage+lateral<Calanus hyperboreus,316.5216449080184,0.3806926213940365,8,9
female+lateral<Calanus hyperboreus,1460.396685014682,0.5994078326522079,8,9
civstage+lateral<Calanus hyperboreus,211.4833133248239,0.5003704041535522,8,9
cvstage+lateral<Calanus glacialis,186.806915066766,0.5588866070268219,8,9
civstage+lateral<Calanus hyperboreus,121.612128511735,0.4058561374405698,8,9
cvstage+lateral<Calanus hyperboreus,363.115805809621,0.4738700653373377,8,9
cvstage+lateral<Calanus hyperboreus,484.5810722525651,0.4879225812332071,8,9
female+lateral<Calanus hyperboreus,1072.958701837044,0.5434082230176217,8,9
female+lateral<Calanus hyperboreus,1046.4383397453205,0.5299036378264819,8,9
cvstage+lateral<Calanus hyperboreus,495.0496520301804,0.594111915197127,8,9
civstage+lateral<Calanus hyperboreus,132.83680449890213,0.4884271729307295,8,9
civstage+lateral<Calanus hyperboreus,222.2325800483694,0.6196413138607959,8,9
civstage+lateral<Calanus hyperboreus,37.17373399732246,0.1667031758402016,8,9
cvstage+lateral<Calanus hyperboreus,585.7426594600361,0.5840121335974401,8,9
cvstage+lateral<Calanus hyperboreus,416.1375855366329,0.418555550688072,8,9
cvstage+lateral<Calanus hyperboreus,358.04563665693433,0.4509125520056207,8,9
female+lateral<Calanus hyperboreus,722.2501620093113,0.4308870625516355,8,9
female+lateral<Calanus glacialis,182.0756505295521,0.5049924060807053,8,9
female+lateral<Calanus glacialis,163.21818100776466,0.4769441373975639,8,9
female+lateral<Calanus hyperboreus,629.2529401431088,0.4676769230321229,8,9
cvstage+lateral<Calanus hyperboreus,910.6026744108405,0.6957071115587068,8,9
female+lateral<Calanus hyperboreus,700.3109614272752,0.3711408458989023,8,9
female+lateral<Calanus hyperboreus,888.1358087362798,0.4273611966745903,8,9
female+lateral<Calanus hyperboreus,747.5723023386715,0.4907174588856167,8,9
female+lateral<Calanus hyperboreus,792.7022511505559,0.4379479480678847,8,9
female+lateral<Calanus hyperboreus,578.9008986919764,0.3787591121627686,8,9
cvstage+lateral<Calanus hyperboreus,366.0607850294338,0.4826330015472632,8,9
civstage+lateral<Calanus hyperboreus,93.24607526566608,0.3467183585877816,8,9
female+lateral<Calanus hyperboreus,503.9144427448434,0.31938572420993,8,9
female+lateral<Calanus hyperboreus,942.7398208431728,0.4900734281200585,8,9
female+lateral<Calanus hyperboreus,491.87798230015983,0.2884161897012751,8,9
cvstage+lateral<Calanus hyperboreus,271.20064431778644,0.4314161601898727,8,9
cvstage+lateral<Calanus hyperboreus,181.1623646984121,0.3533534209739908,8,9
civstage+lateral<Calanus hyperboreus,45.53890068165459,0.314853288533593,8,9
civstage+lateral<Calanus hyperboreus,21.534578011645937,0.1587903093838751,8,9
female+lateral<Calanus glacialis,268.0785419334421,0.4845343252413021,8,9
female+lateral<Calanus glacialis,244.26449571858817,0.4427660040097002,8,9
female+lateral<Calanus glacialis,219.61905645130463,0.4371412772932384,8,9
cvstage+lateral<Calanus hyperboreus,226.97179318479152,0.4044399248998648,8,9
cvstage+lateral<Calanus hyperboreus,243.31377727663104,0.3114893294124716,8,9
female+lateral<Calanus hyperboreus,784.4617638935175,0.4400636814076544,8,9
female+lateral<Calanus hyperboreus,623.3618832689575,0.3249350717666898,8,9
cvstage+lateral<Calanus hyperboreus,249.81218591025836,0.3186392560256066,8,9
female+lateral<Calanus hyperboreus,576.6767035044362,0.3437022182702626,8,9
female+lateral<Calanus hyperboreus,322.4015731567124,0.2291605159293661,8,9
female+lateral<Calanus glacialis,139.18660512192562,0.3843608599701964,8,9
female+lateral<Calanus glacialis,151.164140586771,0.4127906591389543,8,9
female+lateral<Calanus hyperboreus,160.53344246858592,0.13328797692191,8,9
female+lateral<Calanus hyperboreus,392.9474067414596,0.2899430369173335,8,9
female+lateral<Calanus hyperboreus,569.9429521243475,0.3287454073374679,8,9
cvstage+lateral<Calanus hyperboreus,365.993775587378,0.4410218445281443,8,9
civstage+lateral<Calanus hyperboreus,129.16053901401204,0.4312475228419083,8,9
female+lateral<Calanus hyperboreus,1646.553568340688,0.6271322420044108,8,9
cvstage+lateral<Calanus glacialis,141.2348070523986,0.5231158700831778,8,9
female+lateral<Calanus hyperboreus,1098.2829840178435,0.4669419631503516,8,9
female+lateral<Calanus hyperboreus,1128.2657884215296,0.516373438564332,8,9
female+lateral<Calanus hyperboreus,885.5240602781954,0.4367252548050268,8,9
female+lateral<Calanus hyperboreus,605.5541746962125,0.4087833897397546,8,9
female+lateral<Calanus hyperboreus,603.3778136673645,0.3980943590663037,8,9
civstage+lateral<Calanus hyperboreus,108.80896203357544,0.4608440002620859,8,9
female+lateral<Calanus glacialis,140.699302552424,0.4678711561555371,8,9
female+lateral<Calanus glacialis,142.6468998718873,0.4281213324854708,8,9
female+lateral<Calanus hyperboreus,533.7041111879367,0.3109763260139921,8,9
female+lateral<Calanus glacialis,45.66503078793092,0.2270180929420201,8,9
civstage+lateral<Calanus hyperboreus,171.6102758540584,0.6587298093088542,8,9
civstage+lateral<Calanus hyperboreus,30.688143655083337,0.1835815135626672,8,9
female+lateral<Calanus glacialis,300.9746021529687,0.4576683226659189,8,9
female+lateral<Calanus glacialis,286.8454712066627,0.4868314658875812,8,9
female+lateral<Calanus glacialis,284.7279526931804,0.4771952340628184,8,9
cvstage+lateral<Calanus hyperboreus,233.63250461679368,0.3741369844670871,8,9
civstage+lateral<Calanus hyperboreus,89.55466175887938,0.3620369820256369,8,9
civstage+lateral<Calanus hyperboreus,119.4892678832506,0.4134294469557857,8,9
cvstage+lateral<Calanus glacialis,153.9055415127833,0.4880677305045071,8,9
female+lateral<Calanus glacialis,161.37429501065262,0.3831479886093258,8,9
female+lateral<Calanus glacialis,158.4893190556828,0.3862563987154399,8,9
female+lateral<Calanus hyperboreus,554.1202350709933,0.3111706662385261,8,9
cvstage+lateral<Calanus hyperboreus,282.98760305132396,0.3773126879499079,8,9
female+lateral<Calanus hyperboreus,552.3243207302729,0.2635828697257076,8,9
female+lateral<Calanus hyperboreus,1227.999330435175,0.5144453383312396,8,9
civstage+lateral<Calanus hyperboreus,195.76629507049853,0.5183882863419029,8,9
cvstage+lateral<Calanus glacialis,150.32628695446255,0.5369445353011598,8,9
cvstage+lateral<Calanus hyperboreus,138.73374009231256,0.2674461388344985,8,9
civstage+lateral<Calanus hyperboreus,160.63847796347716,0.3879931320100407,8,9
female+lateral<Calanus glacialis,303.12707201371813,0.5530433050973628,8,9
female+lateral<Calanus hyperboreus,695.8499712951009,0.4108451592112116,8,9
female+lateral<Calanus hyperboreus,749.7672058620828,0.4071957485541306,8,9
female+lateral<Calanus hyperboreus,340.6641809067468,0.2555763128289018,8,9
civstage+lateral<Calanus hyperboreus,111.76955571338824,0.4145708233581395,8,9
cvstage+lateral<Calanus glacialis,368.74413503204903,0.6257885629977735,8,9
cvstage+lateral<Calanus glacialis,343.488482306138,0.5704735401484615,8,9
civstage+lateral<Calanus hyperboreus,434.56111372650093,0.6275828292894264,8,9
female+lateral<Calanus hyperboreus,334.57946854265407,0.2383446262719528,8,9
female+lateral<Calanus glacialis,361.7795072806768,0.5326436836792923,8,9
civstage+lateral<Calanus hyperboreus,244.6807796968063,0.5864562546420883,8,9
civstage+lateral<Calanus hyperboreus,121.56375902609162,0.405101129418084,8,9
cvstage+lateral<Calanus glacialis,116.9756177973642,0.4746207485329005,8,9
female+lateral<Calanus glacialis,180.6847373537965,0.5548871084566768,8,9
female+lateral<Calanus hyperboreus,464.1787173916598,0.3321757653034105,8,9
female+lateral<Calanus hyperboreus,1110.91738435323,0.5750061256325439,8,9
cvstage+lateral<Calanus hyperboreus,362.1134452820686,0.4962450508193667,8,9
cvstage+lateral<Calanus glacialis,103.31088488254171,0.3657988087634365,8,9
civstage+lateral<Calanus hyperboreus,116.17783224455408,0.4511038750007443,8,9
civstage+lateral<Calanus hyperboreus,50.68862331268939,0.2934275115712406,8,9
civstage+lateral<Calanus hyperboreus,28.38579035349497,0.1604392905527384,8,9
cvstage+lateral<Calanus glacialis,243.69307948281767,0.5651627706744053,8,9
cvstage+lateral<Calanus glacialis,239.30990793878192,0.560949513856888,8,9
civstage+lateral<Calanus hyperboreus,307.763839894073,0.6018021910606024,8,9
female+lateral<Calanus hyperboreus,399.1891789060482,0.2534810917762554,8,9
female+lateral<Calanus hyperboreus,268.81219191214467,0.2039251679687025,8,9
civstage+lateral<Calanus hyperboreus,169.16001894076476,0.5542740583757237,8,9
cvstage+lateral<Calanus glacialis,142.57125565339493,0.5089756502994887,8,9
female+lateral<Calanus glacialis,72.70286091791877,0.3734612099866757,8,9
female+lateral<Calanus glacialis,210.45852970464497,0.4634412895893376,8,9
female+lateral<Calanus hyperboreus,585.973694481336,0.3322623772549397,8,9
female+lateral<Calanus hyperboreus,347.24293286079717,0.2173838589416991,8,9
civstage+lateral<Calanus hyperboreus,113.00856128843915,0.3883151155798739,8,9
civstage+lateral<Calanus hyperboreus,56.44930269027127,0.2822870805444397,8,9
cvstage+lateral<Calanus glacialis,308.69267641080387,0.6429693709891976,8,9
cvstage+lateral<Calanus glacialis,297.04000319659195,0.589196816679982,8,9
civstage+lateral<Calanus hyperboreus,323.9935464564527,0.6407507644033492,8,9
female+lateral<Calanus hyperboreus,289.717721872533,0.2372392147146897,8,9
civstage+lateral<Calanus hyperboreus,98.0524164011594,0.3753303232564201,8,9
civstage+lateral<Calanus hyperboreus,213.82302884303897,0.5849640589145947,8,9
female+lateral<Calanus glacialis,77.65355481510043,0.3300347287169721,8,9
female+lateral<Calanus glacialis,160.7960692991931,0.363425604392495,8,9
cvstage+lateral<Calanus hyperboreus,186.58727144041404,0.2574753802830364,8,9
cvstage+lateral<Calanus hyperboreus,354.65513585695203,0.3995067444924776,8,9
cvstage+lateral<Calanus hyperboreus,358.2453748037535,0.3644878721813682,8,9
female+lateral<Calanus hyperboreus,573.0008480154719,0.3858267120583845,8,9
cvstage+lateral<Calanus hyperboreus,334.7752427293368,0.3977486037399047,8,9
cvstage+lateral<Calanus hyperboreus,364.92211818493064,0.3540814087406667,8,9
female+lateral<Calanus hyperboreus,1052.202845946586,0.497458443827257,8,9
cvstage+lateral<Calanus hyperboreus,160.53344246858592,0.2707566082813556,8,9
cvstage+lateral<Calanus hyperboreus,266.73505856542903,0.4256940283009179,8,9
cvstage+lateral<Calanus hyperboreus,242.89818296142977,0.3140155910280308,8,9
female+lateral<Calanus hyperboreus,394.5222485551157,0.3400259252004212,8,9
female+lateral<Calanus hyperboreus,602.4457973256792,0.4097608743383573,8,9
female+lateral<Calanus hyperboreus,572.6183464340828,0.3213316387524951,8,9
female+lateral<Calanus hyperboreus,889.5296710888969,0.4112580490728481,8,9
cvstage+lateral<Calanus hyperboreus,156.40085227190792,0.2648241173569123,8,9
cvstage+lateral<Calanus hyperboreus,321.2177780523564,0.4002809933267671,8,9
cvstage+lateral<Calanus hyperboreus,297.6283478653854,0.3459010619008089,8,9
female+lateral<Calanus hyperboreus,609.6021298630249,0.425209784154877,8,9
cvstage+lateral<Calanus hyperboreus,433.081383293746,0.4354079993809193,8,9
female+lateral<Calanus hyperboreus,756.9015094815276,0.4635413363700553,8,9
female+lateral<Calanus hyperboreus,492.975297280516,0.2854682193098355,8,9
female+lateral<Calanus hyperboreus,695.5258647220807,0.3397512245874606,8,9
female+lateral<Calanus hyperboreus,691.397423971078,0.3674486449189599,8,9
female+lateral<Calanus hyperboreus,455.14713850382213,0.3740241247287315,8,9
female+lateral<Calanus hyperboreus,595.7014440129022,0.3891418020935137,8,9
civstage+lateral<Calanus hyperboreus,123.5029682290876,0.3577983111149838,8,9
female+lateral<Calanus glacialis,220.74591953188877,0.4455414474426866,8,9
civstage+lateral<Calanus hyperboreus,234.92412392143615,0.482210931107766,8,9
civstage+lateral<Calanus hyperboreus,99.15807612105098,0.3355694297873075,8,9
female+lateral<Calanus hyperboreus,421.7865686094475,0.2794699670413523,8,9
civstage+lateral<Calanus hyperboreus,142.31816496743173,0.4480085289666728,8,9
cvstage+lateral<Calanus hyperboreus,265.820192751381,0.3746750845702567,8,9
female+lateral<Calanus hyperboreus,453.0758868285816,0.3064694661740225,8,9
female+lateral<Calanus hyperboreus,601.9799489917095,0.3320052016013987,8,9
female+lateral<Calanus hyperboreus,504.5037847762882,0.3703337350660486,8,9
female+lateral<Calanus hyperboreus,690.7504853772498,0.3842255408772743,8,9
female+lateral<Calanus glacialis,187.51342978300755,0.4767128471662354,8,9
civstage+lateral<Calanus hyperboreus,69.61673228116626,0.2790391562664585,8,9
female+lateral<Calanus hyperboreus,332.49332004282235,0.275693621887619,8,9
civstage+lateral<Calanus hyperboreus,109.37107022883411,0.4486617429782311,8,9
cvstage+lateral<Calanus hyperboreus,206.09140640898028,0.3403713822352269,8,9
civstage+lateral<Calanus hyperboreus,82.66839116648366,0.4525842367640111,8,9
civstage+lateral<Calanus hyperboreus,184.6655829622767,0.4941272994779804,8,9
civstage+lateral<Calanus hyperboreus,91.291749037993,0.4043399362743817,8,9
civstage+lateral<Calanus hyperboreus,120.25993744862951,0.3492481285141625,8,9
civstage+lateral<Calanus hyperboreus,97.79471548245044,0.3894606920199006,8,9
civstage+lateral<Calanus hyperboreus,72.03904893365616,0.2891339717302258,8,9
female+lateral<Calanus hyperboreus,679.6995244629417,0.5490984074143953,8,9
female+lateral<Calanus hyperboreus,639.3068255679539,0.459126843920439,8,9
cvstage+lateral<Calanus glacialis,239.58100843468517,0.5928386223710563,8,9
female+lateral<Calanus hyperboreus,459.7280479636213,0.2780321569040931,8,9
cvstage+lateral<Calanus hyperboreus,245.9308885566988,0.3047666612129843,8,9
civstage+lateral<Calanus hyperboreus,88.01387935408403,0.3171892145291809,8,9
civstage+lateral<Calanus hyperboreus,80.12199320374566,0.3811317237759453,8,9
civstage+lateral<Calanus hyperboreus,225.23468510276436,0.541656829607626,8,9
civstage+lateral<Calanus hyperboreus,150.23642068281578,0.436044708082874,8,9
civstage+lateral<Calanus hyperboreus,82.50124962688575,0.3283765769178946,8,9
female+lateral<Calanus glacialis,173.20531983896103,0.3895507937695399,8,9
civstage+lateral<Calanus hyperboreus,89.11491796040963,0.3165962653623692,8,9
female+lateral<Calanus hyperboreus,322.1207408822828,0.2510644885265278,8,9
female+lateral<Calanus hyperboreus,411.4820358332243,0.2867309510749942,8,9
civstage+lateral<Calanus hyperboreus,151.164140586771,0.5136881960286718,8,9
cvstage+lateral<Calanus glacialis,190.571187776628,0.626520223004535,8,9
cvstage+lateral<Calanus hyperboreus,227.8449423933268,0.377766083676253,8,9
female+lateral<Calanus hyperboreus,167.56230045747907,0.1969274168040584,8,9
female+lateral<Calanus hyperboreus,619.2587830521676,0.5083191741177546,8,9
cvstage+lateral<Calanus hyperboreus,174.67947753669552,0.2741071047887947,8,9
civstage+lateral<Calanus hyperboreus,62.972880896714585,0.3255722171491351,8,9
civstage+lateral<Calanus hyperboreus,107.10435731671396,0.3551070769907851,8,9
female+lateral<Calanus hyperboreus,524.5874456859514,0.300536440444392,8,9
civstage+lateral<Calanus hyperboreus,126.38244840259492,0.359377556276748,8,9
civstage+lateral<Calanus hyperboreus,81.49362653974373,0.3687708718101767,8,9
female+lateral<Calanus hyperboreus,626.0304647733703,0.5874983606492398,8,9
female+lateral<Calanus hyperboreus,712.6832429780738,0.4997044197933935,8,9
cvstage+lateral<Calanus glacialis,191.27108848305647,0.5489039346742969,8,9
cvstage+lateral<Calanus hyperboreus,263.8107646373117,0.4353604660551659,8,9
civstage+lateral<Calanus hyperboreus,107.78065897369066,0.4183428392985687,8,9
civstage+lateral<Calanus hyperboreus,71.45969329144098,0.3964830301647218,8,9
civstage+lateral<Calanus hyperboreus,237.04307107987503,0.6129805734889715,8,9
civstage+lateral<Calanus hyperboreus,150.23642068281578,0.5310403742405613,8,9
