object_annotation_category,total_lipids_ugC,fullness_ratio_carbon_volume
female+lateral<Calanus hyperboreus,1411.504834968888,0.8475499706722326
female+lateral<Calanus hyperboreus,1945.0351158760452,0.8771205747918124
female+lateral<Calanus hyperboreus,2131.530004041202,0.749891487189056
female+lateral<Calanus hyperboreus,1648.1219354332889,0.7292101434664423
cvstage+lateral<Calanus glacialis,320.37998422774814,0.8731238625899919
cvstage+lateral<Calanus glacialis,438.58503887549045,0.8925231001680426
cvstage+lateral<Calanus hyperboreus,354.3896180492453,0.770006020827517
cvstage+lateral<Calanus hyperboreus,590.8316477125536,0.714237524170109
cvstage+lateral<Calanus hyperboreus,521.6829202542425,0.6915655318764832
cvstage+lateral<Calanus hyperboreus,1501.5306952929343,0.7791962745677021
female+lateral<Calanus hyperboreus,2008.7072155374956,0.8041626300996483
cvstage+lateral<Calanus glacialis,323.47658975420916,0.6903681933024584
cvstage+lateral<Calanus hyperboreus,1601.5748403979087,0.8167697951698885
cvstage+lateral<Calanus glacialis,462.2389638154817,0.915697285811255
female+lateral<Calanus hyperboreus,1457.975719140735,0.8737791750059627
cvstage+lateral<Calanus hyperboreus,1190.9358131058764,0.8055447268324428
cvstage+lateral<Calanus hyperboreus,1229.110811956382,0.7771660889089391
cvstage+lateral<Calanus glacialis,434.8431363451816,0.7378261114554594
cvstage+lateral<Calanus glacialis,292.1595090744069,0.7312202661263347
civstage+lateral<Calanus hyperboreus,388.0295359221158,0.7788294809106885
cvstage+lateral<Calanus hyperboreus,1259.3264138829204,0.7431397328756973
cvstage+lateral<Calanus hyperboreus,1518.3439678352722,0.8114621672894332
cvstage+lateral<Calanus glacialis,337.2579778672413,0.6877790074859209
cvstage+lateral<Calanus hyperboreus,1224.3194861905383,0.8275607164908075
cvstage+lateral<Calanus glacialis,442.4781539885535,0.8033990244085383
female+lateral<Calanus hyperboreus,1250.0655030785515,0.7490768447526497
female+lateral<Calanus hyperboreus,1313.4554535364318,0.7928660014335858
female+lateral<Calanus hyperboreus,3094.3960131430917,0.8662245732329632
cvstage+lateral<Calanus hyperboreus,745.2150621823347,0.6659330000096478
cvstage+lateral<Calanus hyperboreus,1178.9847315933732,0.8711394953051106
cvstage+lateral<Calanus hyperboreus,664.0613569097795,0.6547393441860467
female+lateral<Calanus hyperboreus,1732.085301859243,0.707358316166729
cvstage+lateral<Calanus glacialis,453.2900246327306,0.8528599834448689
civstage+lateral<Calanus hyperboreus,206.6570333144693,0.5699168283452016
civstage+lateral<Calanus hyperboreus,333.9923492734621,0.6753178112868123
female+lateral<Calanus hyperboreus,1296.5641124165936,0.6924052855925182
civstage+lateral<Calanus hyperboreus,412.5924002904278,0.7397276801303964
cvstage+lateral<Calanus glacialis,477.4614907225609,0.879548080375757
female+lateral<Calanus hyperboreus,1426.010429415251,0.7458930932363521
cvstage+lateral<Calanus glacialis,317.9347635219105,0.7145170693305206
female+lateral<Calanus hyperboreus,1232.276117246126,0.6483090117804508
female+lateral<Calanus hyperboreus,1376.0779294144645,0.6804566611241789
female+lateral<Calanus hyperboreus,1388.4867946918837,0.8017198439276734
female+lateral<Calanus glacialis,271.93680875810105,0.705750429622102
female+lateral<Calanus glacialis,291.9087905255092,0.7113842055150594
cvstage+lateral<Calanus hyperboreus,815.112178924153,0.6447483595232681
cvstage+lateral<Calanus hyperboreus,761.3081699285849,0.7441902421318757
cvstage+lateral<Calanus hyperboreus,471.81721944403,0.5480277539069196
civstage+lateral<Calanus hyperboreus,472.32294519625816,0.8039461550230232
cvstage+lateral<Calanus glacialis,381.4331284641182,0.7880664286961017
cvstage+lateral<Calanus glacialis,391.3744295316828,0.7601656910861418
cvstage+lateral<Calanus glacialis,447.874439444082,0.8157799256158605
cvstage+lateral<Calanus glacialis,235.92420697087485,0.8358420419479097
cvstage+lateral<Calanus glacialis,195.4879200137976,0.6338251828544107
cvstage+lateral<Calanus hyperboreus,763.8891545870543,0.7138579056416755
cvstage+lateral<Calanus hyperboreus,1500.2083685702964,0.8094730262908996
cvstage+lateral<Calanus hyperboreus,392.0581033605661,0.680290352456166
cvstage+lateral<Calanus hyperboreus,560.7983766613075,0.8259445109463237
cvstage+lateral<Calanus glacialis,270.71019607848854,0.7804441473485132
female+lateral<Calanus hyperboreus,2309.1060963045206,0.79358872203305
cvstage+lateral<Calanus hyperboreus,906.2186956493902,0.6863356411387102
female+lateral<Calanus hyperboreus,1499.3948003442988,0.7640991164745183
female+lateral<Calanus hyperboreus,2029.5471231005704,0.8357032602012218
civstage+lateral<Calanus hyperboreus,308.72881120501046,0.665700386490244
cvstage+lateral<Calanus glacialis,144.83309888987094,0.5129453838717388
cvstage+lateral<Calanus glacialis,337.6581993460724,0.8147286007498126
cvstage+lateral<Calanus hyperboreus,1365.581070882702,0.8552931035670049
cvstage+lateral<Calanus glacialis,419.4824120401331,0.9154633816267496
civstage+lateral<Calanus hyperboreus,516.3332730129539,0.8458247238838031
civstage+lateral<Calanus hyperboreus,481.6713567217302,0.8225074275918447
civstage+lateral<Calanus hyperboreus,273.1478672215631,0.5598897868918092
cvstage+lateral<Calanus hyperboreus,1206.2583947472178,0.8686691266462688
cvstage+lateral<Calanus hyperboreus,577.1803125246656,0.6264032236512627
cvstage+lateral<Calanus hyperboreus,936.4180477052342,0.7910291812455754
cvstage+lateral<Calanus hyperboreus,668.6213707665704,0.7161069205107932
cvstage+lateral<Calanus glacialis,499.1336019941727,0.848873398431282
cvstage+lateral<Calanus glacialis,403.87230329506355,0.9082705077028406
civstage+lateral<Calanus hyperboreus,463.02894375240703,0.7304185168579741
cvstage+lateral<Calanus hyperboreus,1554.3966234693685,0.8040420060901087
civstage+lateral<Calanus hyperboreus,273.4109067377764,0.7597086934930343
cvstage+lateral<Calanus hyperboreus,813.5841554272607,0.7328040719149648
female+lateral<Calanus hyperboreus,999.1281943349296,0.7404569381384317
civstage+lateral<Calanus hyperboreus,530.8595145586894,0.7794648783525936
female+lateral<Calanus hyperboreus,2474.291925946007,0.7816030399706693
cvstage+lateral<Calanus glacialis,292.2221986584045,0.737033502747982
civstage+lateral<Calanus hyperboreus,245.9904645327897,0.662397211741883
civstage+lateral<Calanus hyperboreus,338.1740362852624,0.7104222182915589
cvstage+lateral<Calanus hyperboreus,904.2917286662088,0.8125432935660675
cvstage+lateral<Calanus glacialis,327.943355940974,0.7748980866889454
civstage+lateral<Calanus hyperboreus,983.0240590682222,0.7795328817380556
female+lateral<Calanus hyperboreus,2232.07937071353,0.8412956889590493
cvstage+lateral<Calanus glacialis,392.33167169110993,0.802753970850057
civstage+lateral<Calanus hyperboreus,372.5787367906569,0.7145099345496043
civstage+lateral<Calanus hyperboreus,314.24716931748594,0.7296642449458395
female+lateral<Calanus hyperboreus,1698.1198777877737,0.7415378865903048
female+lateral<Calanus glacialis,322.4015731567124,0.6442892002750565
female+lateral<Calanus hyperboreus,2186.4636181744067,0.8037429018820686
civstage+lateral<Calanus hyperboreus,316.6850509645711,0.7325421164565369
civstage+lateral<Calanus hyperboreus,380.07721108965416,0.7150788831290456
cvstage+lateral<Calanus hyperboreus,573.3069036679857,0.695734896044952
female+lateral<Calanus hyperboreus,2083.2854902862305,0.8440505478626211
cvstage+lateral<Calanus hyperboreus,867.7381807455198,0.8509344647300128
female+lateral<Calanus hyperboreus,1261.3549312093648,0.7047534178896118
cvstage+lateral<Calanus hyperboreus,850.9193571200225,0.7406325325955138
cvstage+lateral<Calanus glacialis,291.97146419397217,0.799375471548671
cvstage+lateral<Calanus hyperboreus,1147.853969237382,0.80595670409854
female+lateral<Calanus glacialis,214.28044556015257,0.6485366197129543
cvstage+lateral<Calanus hyperboreus,611.4731049365904,0.7191110347120572
female+lateral<Calanus glacialis,399.8768598962878,0.7108373608902954
female+lateral<Calanus hyperboreus,1894.3841522204027,0.6777905179142658
cvstage+lateral<Calanus glacialis,303.4439941104099,0.630896841179198
cvstage+lateral<Calanus hyperboreus,843.3612890904702,0.6696753896935271
cvstage+lateral<Calanus hyperboreus,1288.3965981729516,0.8046603825074712
cvstage+lateral<Calanus hyperboreus,742.3225166719643,0.725864735220961
civstage+lateral<Calanus hyperboreus,402.76893886036703,0.8031693453589321
female+lateral<Calanus hyperboreus,1600.6417093829666,0.7084775052929413
female+lateral<Calanus hyperboreus,1253.053794921132,0.7786403123527635
cvstage+lateral<Calanus glacialis,215.59712748876453,0.6955991896348763
female+lateral<Calanus hyperboreus,1465.0654368480373,0.814438556588722
cvstage+lateral<Calanus glacialis,218.82641987432615,0.6766762972731538
female+lateral<Calanus hyperboreus,1200.0652868471443,0.7049207665257631
cvstage+lateral<Calanus hyperboreus,937.391374227255,0.7397514292258385
female+lateral<Calanus hyperboreus,2112.1479956290987,0.7343343222634862
female+lateral<Calanus hyperboreus,995.9732577951446,0.7301355153860491
female+lateral<Calanus hyperboreus,1451.022065008019,0.6920779180235445
female+lateral<Calanus glacialis,248.49650426328108,0.6896043106104693
female+lateral<Calanus glacialis,215.48253873571863,0.6247020183850415
civstage+lateral<Calanus hyperboreus,411.82892964846127,0.6955185392331076
civstage+lateral<Calanus hyperboreus,391.9213403624832,0.6883415056323822
civstage+lateral<Calanus hyperboreus,608.2000120335701,0.8107361420691211
civstage+lateral<Calanus hyperboreus,477.8964869648845,0.7728888623346011
civstage+lateral<Calanus hyperboreus,218.23763347076795,0.764140122732335
female+lateral<Calanus hyperboreus,1277.2298436119306,0.6845567848292942
cvstage+lateral<Calanus hyperboreus,930.3194643493432,0.6813613958830792
cvstage+lateral<Calanus hyperboreus,751.4245623185045,0.7427859255154785
cvstage+lateral<Calanus hyperboreus,537.6039935740304,0.6962222401573186
cvstage+lateral<Calanus hyperboreus,480.97093039206703,0.6379055721032459
civstage+lateral<Calanus hyperboreus,349.7525949956964,0.7697240184227009
cvstage+lateral<Calanus glacialis,291.53283210182315,0.7540734818560618
cvstage+lateral<Calanus glacialis,341.38601992917836,0.7890316993552543
cvstage+lateral<Calanus glacialis,353.79241809276357,0.8204084577120597
cvstage+lateral<Calanus hyperboreus,1077.4746539700973,0.757755328382401
cvstage+lateral<Calanus hyperboreus,967.5335183321172,0.8620193862434435
cvstage+lateral<Calanus hyperboreus,735.3116370093652,0.6868475964628392
civstage+lateral<Calanus hyperboreus,278.1561734401802,0.5716072104490245
cvstage+lateral<Calanus hyperboreus,1042.417895646022,0.7855291008996582
civstage+lateral<Calanus hyperboreus,200.18012212347617,0.5696063378968891
civstage+lateral<Calanus hyperboreus,396.9223177580636,0.6928029346179603
cvstage+lateral<Calanus glacialis,506.273032655323,0.743836886456097
female+lateral<Calanus hyperboreus,1598.3613997813995,0.7300126333551035
cvstage+lateral<Calanus hyperboreus,698.8071457627026,0.6472859624749511
cvstage+lateral<Calanus glacialis,276.1811824000274,0.7856798527374652
cvstage+lateral<Calanus glacialis,306.93659147896284,0.7232079721479454
civstage+lateral<Calanus hyperboreus,372.30848624855065,0.7052434286617961
civstage+lateral<Calanus hyperboreus,346.12192152641654,0.6660176480161252
female+lateral<Calanus hyperboreus,1515.4869072568963,0.786775604395366
civstage+lateral<Calanus hyperboreus,381.0262033077792,0.8139693830090418
cvstage+lateral<Calanus hyperboreus,1271.2214497840548,0.787463879362804
cvstage+lateral<Calanus hyperboreus,452.21963497618214,0.6637530908798047
civstage+lateral<Calanus hyperboreus,503.98809935585155,0.6873851953613931
cvstage+lateral<Calanus glacialis,281.2504133501441,0.739763456117946
cvstage+lateral<Calanus glacialis,282.7392394432463,0.7770315399959834
cvstage+lateral<Calanus hyperboreus,966.5510343683032,0.676621049286069
female+lateral<Calanus hyperboreus,1355.9963175328076,0.6878745715392229
civstage+lateral<Calanus hyperboreus,204.97272583566428,0.6436230027103352
cvstage+lateral<Calanus glacialis,322.2426265858001,0.65610045590504
civstage+lateral<Calanus hyperboreus,320.2511503225111,0.7868837243545259
civstage+lateral<Calanus hyperboreus,160.21845794245706,0.4690880731889707
female+lateral<Calanus hyperboreus,1142.2203682914037,0.6287694188119088
civstage+lateral<Calanus hyperboreus,262.1093369346144,0.5172648085731811
female+lateral<Calanus hyperboreus,1355.897609682199,0.533208416288486
cvstage+lateral<Calanus hyperboreus,476.2296379005168,0.6569940835233777
cvstage+lateral<Calanus glacialis,233.33917552635685,0.6356908436563755
cvstage+lateral<Calanus hyperboreus,1075.5385590004803,0.7330969845217152
cvstage+lateral<Calanus glacialis,251.42969116587423,0.7022843265262123
civstage+lateral<Calanus hyperboreus,385.0332060092002,0.7636313760760646
female+lateral<Calanus hyperboreus,1116.8777523029178,0.80362299287441
civstage+lateral<Calanus hyperboreus,390.55448699163026,0.7046358608737291
cvstage+lateral<Calanus hyperboreus,853.2423043843629,0.7159706649455045
cvstage+lateral<Calanus hyperboreus,889.6168089497818,0.7281015094582034
female+lateral<Calanus hyperboreus,2159.341572654127,0.7038197709524306
cvstage+lateral<Calanus hyperboreus,991.6512906671164,0.7500737537572537
female+lateral<Calanus hyperboreus,1544.4366990504118,0.7226587936041272
civstage+lateral<Calanus hyperboreus,314.4054622185408,0.6818754066844638
cvstage+lateral<Calanus glacialis,342.8310527395497,0.6862426185530542
civstage+lateral<Calanus hyperboreus,201.24600777989207,0.6462600186012751
civstage+lateral<Calanus hyperboreus,274.4564843112074,0.6835965701768317
cvstage+lateral<Calanus glacialis,263.50669952025214,0.7191408370602969
civstage+lateral<Calanus hyperboreus,260.28999698429567,0.678650977771492
cvstage+lateral<Calanus hyperboreus,1068.632349904802,0.7494695630131968
cvstage+lateral<Calanus hyperboreus,1186.853263009608,0.7710765660555365
civstage+lateral<Calanus hyperboreus,378.7904133637901,0.6937640765641502
cvstage+lateral<Calanus glacialis,309.10155435277164,0.725897923771301
cvstage+lateral<Calanus hyperboreus,839.0758293363233,0.7285089946868248
civstage+lateral<Calanus hyperboreus,299.77372943279823,0.692955696381845
cvstage+lateral<Calanus hyperboreus,762.7232286859752,0.5858815682990056
cvstage+lateral<Calanus hyperboreus,890.1396891271509,0.7202033202529969
civstage+lateral<Calanus hyperboreus,301.16434339605195,0.7388005830371435
cvstage+lateral<Calanus glacialis,341.8456072512228,0.7254853229233995
female+lateral<Calanus hyperboreus,1187.2328601586246,0.6893288814119111
female+lateral<Calanus hyperboreus,2094.726587368198,0.7694240766550923
female+lateral<Calanus hyperboreus,1892.314063011705,0.7436146408677037
female+lateral<Calanus hyperboreus,1302.8099467630996,0.613372581218804
female+lateral<Calanus glacialis,433.3631215980942,0.8184706914938142
female+lateral<Calanus hyperboreus,1151.5202027112707,0.7379911215599964
female+lateral<Calanus hyperboreus,2183.735545899797,0.7710300119130544
female+lateral<Calanus hyperboreus,1490.1496570147383,0.7158223355469918
civstage+lateral<Calanus hyperboreus,322.9598772945042,0.7073917998342545
civstage+lateral<Calanus hyperboreus,462.0953739725392,0.7273166119438397
civstage+lateral<Calanus hyperboreus,270.4037993036067,0.7441268148703765
female+lateral<Calanus glacialis,489.2473797654539,0.7753824120687087
cvstage+lateral<Calanus glacialis,223.1996340806844,0.636911657027978
cvstage+lateral<Calanus hyperboreus,595.7014440129022,0.6428161773841043
civstage+lateral<Calanus hyperboreus,402.63108109485273,0.7731666307280585
cvstage+lateral<Calanus hyperboreus,649.7221164004313,0.6594738770420503
cvstage+lateral<Calanus hyperboreus,1138.9378897604097,0.713211139395962
cvstage+lateral<Calanus hyperboreus,768.7250251213499,0.7321429866863601
cvstage+lateral<Calanus hyperboreus,961.464713448414,0.780178891273198
cvstage+lateral<Calanus hyperboreus,1242.5559195802605,0.7443117807120088
cvstage+lateral<Calanus hyperboreus,822.5947066986522,0.7204670276542697
civstage+lateral<Calanus hyperboreus,420.4594770464856,0.7650826891930764
cvstage+lateral<Calanus hyperboreus,738.6084232204892,0.6775647308302295
female+lateral<Calanus hyperboreus,1895.255968976052,0.7946514938116118
female+lateral<Calanus glacialis,282.118612712076,0.6907582608524507
female+lateral<Calanus hyperboreus,1555.424495986609,0.75043901859162
cvstage+lateral<Calanus hyperboreus,783.9580723453386,0.7607735825295155
cvstage+lateral<Calanus hyperboreus,519.4519187490931,0.6267138252694092
female+lateral<Calanus hyperboreus,1335.8057387718256,0.7547265661224997
cvstage+lateral<Calanus glacialis,144.2299336724963,0.5105808725652403
cvstage+lateral<Calanus glacialis,311.52653667611986,0.7704966138789655
civstage+lateral<Calanus hyperboreus,382.99419761785714,0.7358894314588728
cvstage+lateral<Calanus hyperboreus,640.0561242826132,0.7967155373597273
civstage+lateral<Calanus hyperboreus,224.70625342553635,0.7786159310576809
civstage+lateral<Calanus hyperboreus,424.7245236468543,0.7760289712380435
female+lateral<Calanus glacialis,182.26502182518988,0.8188433030490938
civstage+lateral<Calanus hyperboreus,130.60803148554942,0.6768880545499947
civstage+lateral<Calanus hyperboreus,280.0734097316798,0.6943661497071484
civstage+lateral<Calanus hyperboreus,260.16884099360726,0.7111779249902462
female+lateral<Calanus hyperboreus,1417.701858317742,0.7329170549436755
cvstage+lateral<Calanus glacialis,293.1002703671484,0.7666986623372205
civstage+lateral<Calanus hyperboreus,428.22994128682024,0.7937475674979159
cvstage+lateral<Calanus glacialis,316.5858371695676,0.7620918156960219
female+lateral<Calanus hyperboreus,1682.000949695167,0.7168161378107591
civstage+lateral<Calanus hyperboreus,262.17004611852195,0.6778685016958518
civstage+lateral<Calanus hyperboreus,289.46762512113725,0.7997154207601025
civstage+lateral<Calanus hyperboreus,247.7200226731681,0.6845043424670105
civstage+lateral<Calanus hyperboreus,334.0575696848339,0.7278560367169608
civstage+lateral<Calanus hyperboreus,343.488482306138,0.8116211521463904
civstage+lateral<Calanus hyperboreus,123.89189772121702,0.6837970257504545
civstage+lateral<Calanus hyperboreus,330.0210384977513,0.7051886766527691
cvstage+lateral<Calanus glacialis,247.83943458941584,0.6859714222873092
cvstage+lateral<Calanus glacialis,276.1811824000274,0.8141080575684373
female+lateral<Calanus hyperboreus,1728.5843637826356,0.773245206018211
female+lateral<Calanus glacialis,225.75105182070516,0.8127596015620842
cvstage+lateral<Calanus hyperboreus,661.0264809881639,0.7431710148199631
female+lateral<Calanus hyperboreus,1171.2262244876877,0.7525329051894911
civstage+lateral<Calanus hyperboreus,314.4054622185408,0.6711780497972105
cvstage+lateral<Calanus glacialis,331.6469254562685,0.7390696415822852
cvstage+lateral<Calanus hyperboreus,882.6537663000262,0.812722247432917
civstage+lateral<Calanus hyperboreus,427.87901620013054,0.7572005511938161
cvstage+lateral<Calanus hyperboreus,471.67275580810383,0.6843837350603886
civstage+lateral<Calanus hyperboreus,347.9688641583465,0.7209914244890046
female+lateral<Calanus hyperboreus,1054.5845770677422,0.7774436367156222
civstage+lateral<Calanus hyperboreus,273.10360865801243,0.7504443655344359
female+lateral<Calanus glacialis,299.20539087762785,0.7685528983216343
female+lateral<Calanus glacialis,229.3607472502578,0.6993974594651552
civstage+lateral<Calanus hyperboreus,343.2254657768749,0.76660246112609
civstage+lateral<Calanus hyperboreus,176.0270314042774,0.6875131117649069
cvstage+lateral<Calanus hyperboreus,891.2729078564101,0.8270677686903661
cvstage+lateral<Calanus hyperboreus,659.4308304714241,0.8111233098320301
cvstage+lateral<Calanus hyperboreus,443.39221091802017,0.6494071282456969
cvstage+lateral<Calanus glacialis,292.3475897600869,0.7319726911238916
female+lateral<Calanus hyperboreus,1244.8774568573142,0.7220452337186386
civstage+lateral<Calanus hyperboreus,364.1858931422104,0.8041314623091141
cvstage+lateral<Calanus glacialis,353.4607690970882,0.8240757894372099
cvstage+lateral<Calanus glacialis,350.54622956575673,0.7990197677173819
cvstage+lateral<Calanus glacialis,367.1334293668788,0.8382854633249651
cvstage+lateral<Calanus hyperboreus,622.6560586849575,0.7268728988762541
cvstage+lateral<Calanus glacialis,326.1933335757801,0.7946131446344553
cvstage+lateral<Calanus glacialis,296.11670813201994,0.8353434541042544
cvstage+lateral<Calanus hyperboreus,757.31690883372,0.7644471604887081
female+lateral<Calanus hyperboreus,1085.1369074200738,0.8038240250590428
civstage+lateral<Calanus hyperboreus,304.0781320560347,0.7757159346922184
civstage+lateral<Calanus hyperboreus,299.9000702026991,0.7439132040924957
cvstage+lateral<Calanus glacialis,214.9671124060728,0.7147338044758292
cvstage+lateral<Calanus hyperboreus,1250.1618666446054,0.8507494316509961
cvstage+lateral<Calanus hyperboreus,919.7413611022232,0.8212884097534939
civstage+lateral<Calanus hyperboreus,413.9815996309739,0.7755918120652686
cvstage+lateral<Calanus hyperboreus,317.03529078259675,0.8316086842497437
cvstage+lateral<Calanus hyperboreus,577.0600047292992,0.8553769222040669
cvstage+lateral<Calanus hyperboreus,566.1273966895899,0.7380461966491262
female+lateral<Calanus hyperboreus,1869.370252384659,0.793926851615136
cvstage+lateral<Calanus hyperboreus,1229.877937560208,0.7641613240016295
female+lateral<Calanus hyperboreus,1778.6430369985262,0.7715466137411848
female+lateral<Calanus hyperboreus,1844.1306343421377,0.8288185946519163
cvstage+lateral<Calanus glacialis,366.798128300236,0.8460510220172567
female+lateral<Calanus hyperboreus,2199.7773836248434,0.8126695111806381
female+lateral<Calanus hyperboreus,994.9823160506004,0.7728233892461526
female+lateral<Calanus hyperboreus,1619.8550137140433,0.8052247680387473
civstage+lateral<Calanus hyperboreus,252.08955931109332,0.7217414214457119
civstage+lateral<Calanus hyperboreus,349.8187108860699,0.8030429239487293
female+lateral<Calanus hyperboreus,1588.0084865176143,0.7779148379570563
female+lateral<Calanus hyperboreus,1584.9064955017088,0.7654404682889843
civstage+lateral<Calanus hyperboreus,434.77262561711535,0.8182077375108172
cvstage+lateral<Calanus glacialis,325.54588042730984,0.8381524726984998
cvstage+lateral<Calanus glacialis,303.3172135176331,0.7935943875887156
cvstage+lateral<Calanus hyperboreus,1260.7752562968524,0.7803626030691189
cvstage+lateral<Calanus glacialis,370.02075494693,0.849656769858029
civstage+lateral<Calanus hyperboreus,335.62398880170326,0.8001117703174874
civstage+lateral<Calanus hyperboreus,378.04601546084496,0.8229224484070929
civstage+lateral<Calanus hyperboreus,321.1533094013817,0.7320324299541133
female+lateral<Calanus hyperboreus,1019.5910741880516,0.7984264764797078
civstage+lateral<Calanus hyperboreus,306.23712668792564,0.7722603184995288
civstage+lateral<Calanus hyperboreus,434.77262561711535,0.802036208259232
civstage+lateral<Calanus hyperboreus,346.1878336853776,0.6945279460147558
cvstage+lateral<Calanus hyperboreus,1116.4117589619248,0.7607639913183963
female+lateral<Calanus hyperboreus,1544.9496341312993,0.7775896999100846
cvstage+lateral<Calanus hyperboreus,934.030242031752,0.716659856651931
cvstage+lateral<Calanus glacialis,510.11267969495566,0.8228219115433482
cvstage+lateral<Calanus glacialis,451.86300479814025,0.7784619173916425
cvstage+lateral<Calanus glacialis,281.7464303588618,0.7601894898722844
female+lateral<Calanus hyperboreus,1757.1832523361054,0.7157130414276945
civstage+lateral<Calanus hyperboreus,393.5634272981163,0.7899574135451825
cvstage+lateral<Calanus hyperboreus,1121.634167826146,0.776947681286713
cvstage+lateral<Calanus hyperboreus,2222.705459341131,0.7972038034459266
civstage+lateral<Calanus hyperboreus,341.5829635309445,0.7838946350132
cvstage+lateral<Calanus hyperboreus,1391.370355909185,0.774113292925409
cvstage+lateral<Calanus hyperboreus,823.7869719211111,0.6539376930517341
civstage+lateral<Calanus hyperboreus,378.9691332946604,0.7775065838802849
cvstage+lateral<Calanus hyperboreus,1484.0743074017528,0.6532976791316766
civstage+lateral<Calanus hyperboreus,380.5620339270127,0.7994092680561714
cvstage+lateral<Calanus hyperboreus,623.0481542546097,0.7680290740164107
civstage+lateral<Calanus hyperboreus,227.9759140972136,0.7093863257895593
civstage+lateral<Calanus hyperboreus,296.36848995328364,0.7404054829235126
cvstage+lateral<Calanus glacialis,282.1806572309836,0.7174608934212724
cvstage+lateral<Calanus hyperboreus,618.6608578215697,0.6895824695993978
cvstage+lateral<Calanus hyperboreus,880.0468014136494,0.735594106923058
cvstage+lateral<Calanus glacialis,389.1208121927826,0.7548903278576599
female+lateral<Calanus hyperboreus,1591.422747781484,0.7888540599339015
female+lateral<Calanus hyperboreus,1123.1630378529828,0.7276749112381339
female+lateral<Calanus hyperboreus,991.0214684533324,0.6786531547190868
female+lateral<Calanus hyperboreus,1219.3423838923447,0.7703494281721786
female+lateral<Calanus hyperboreus,2369.0683871446527,0.8186612432835375
civstage+lateral<Calanus hyperboreus,387.07541316887654,0.802321097728444
cvstage+lateral<Calanus glacialis,403.04469626230934,0.8229536255752709
cvstage+lateral<Calanus glacialis,595.1597719278358,0.9212985006810952
civstage+lateral<Calanus hyperboreus,357.31354542599576,0.7597814103929165
civstage+lateral<Calanus hyperboreus,279.6517477377449,0.7297766485615461
female+lateral<Calanus glacialis,194.04226048613475,0.5848699296733642
female+lateral<Calanus hyperboreus,1507.7400582171372,0.7627667820282032
civstage+lateral<Calanus hyperboreus,288.28053850186996,0.6287094547801765
female+lateral<Calanus glacialis,338.93603954010973,0.7164358600718308
female+lateral<Calanus hyperboreus,1616.5267838957432,0.7571951861313141
civstage+lateral<Calanus hyperboreus,340.86100127386806,0.6760368176078642
female+lateral<Calanus hyperboreus,1224.22371614932,0.7643205688778163
civstage+lateral<Calanus hyperboreus,371.05677954074105,0.7104326193909103
civstage+lateral<Calanus hyperboreus,295.58753026815407,0.7886254467783916
civstage+lateral<Calanus hyperboreus,257.9304681352404,0.7151647310146791
cvstage+lateral<Calanus hyperboreus,886.9167096804724,0.769260988007903
cvstage+lateral<Calanus hyperboreus,805.6182752297372,0.7187806438960496
cvstage+lateral<Calanus hyperboreus,532.505838289679,0.7252074787103314
cvstage+lateral<Calanus hyperboreus,752.3365695958813,0.7119842768362521
cvstage+lateral<Calanus hyperboreus,637.291016789847,0.6848095774017012
cvstage+lateral<Calanus hyperboreus,637.2120657635389,0.7559943169687802
civstage+lateral<Calanus hyperboreus,276.1195310352419,0.7120772012130633
cvstage+lateral<Calanus hyperboreus,583.741485313641,0.7441819152413864
cvstage+lateral<Calanus hyperboreus,845.2857628648095,0.7742984504725107
female+lateral<Calanus hyperboreus,1769.45180934402,0.7257577658308232
cvstage+lateral<Calanus hyperboreus,756.0709130494545,0.7370100561174365
civstage+lateral<Calanus hyperboreus,291.4935151779827,0.7039185744907412
cvstage+lateral<Calanus glacialis,162.21644544092382,0.49447738775388
cvstage+lateral<Calanus hyperboreus,1081.165301409916,0.8423602293936493
cvstage+lateral<Calanus glacialis,156.14037071020002,0.6695668296347984
cvstage+lateral<Calanus hyperboreus,775.3263112585734,0.7347077930176036
civstage+lateral<Calanus hyperboreus,234.6159507198511,0.6633266568592013
cvstage+lateral<Calanus hyperboreus,625.9807785178276,0.6197355012283283
female+lateral<Calanus glacialis,230.23660101643225,0.6244480912611843
female+lateral<Calanus hyperboreus,1692.004083841945,0.7057557474139102
cvstage+lateral<Calanus hyperboreus,610.3814967115694,0.6454689130937437
civstage+lateral<Calanus hyperboreus,295.5287502811467,0.7429413508088211
cvstage+lateral<Calanus glacialis,319.06016365974466,0.7334900436831364
civstage+lateral<Calanus hyperboreus,404.2172877169556,0.7887668893514037
cvstage+lateral<Calanus hyperboreus,855.4809859203281,0.7649815712301599
civstage+lateral<Calanus hyperboreus,170.63691078663194,0.6443352896420119
cvstage+lateral<Calanus hyperboreus,885.6110819003148,0.7246918402388798
female+lateral<Calanus hyperboreus,2176.8062320516956,0.7651452682958967
cvstage+lateral<Calanus glacialis,257.6737242938515,0.7398486817371289
female+lateral<Calanus hyperboreus,1056.7845111940198,0.7666264731783394
civstage+lateral<Calanus hyperboreus,521.5340988596196,0.8675989578786265
civstage+lateral<Calanus hyperboreus,262.35219861850584,0.5736602396484147
female+lateral<Calanus hyperboreus,1902.0165695066169,0.7503282652133925
civstage+lateral<Calanus hyperboreus,274.6411204902282,0.6360233343397327
civstage+lateral<Calanus hyperboreus,191.16048709208195,0.6028639879074116
civstage+lateral<Calanus hyperboreus,331.67059215328993,0.8068688614249436
female+lateral<Calanus hyperboreus,1049.7311964308117,0.7081287921273623
civstage+lateral<Calanus hyperboreus,281.62240187277587,0.6667496833729454
female+lateral<Calanus hyperboreus,1628.3928363010643,0.8304663431418865
female+lateral<Calanus glacialis,331.5167675519179,0.6971087095601202
female+lateral<Calanus glacialis,296.30553856433164,0.7288783533999574
civstage+lateral<Calanus hyperboreus,367.73886325812305,0.7778412318012237
civstage+lateral<Calanus hyperboreus,394.0427516679032,0.734665778106353
civstage+lateral<Calanus hyperboreus,410.48885013004,0.7547978299511509
civstage+lateral<Calanus hyperboreus,165.61996367163272,0.7339020422989192
cvstage+lateral<Calanus hyperboreus,771.3134127299683,0.7184663234117455
cvstage+lateral<Calanus hyperboreus,843.2755166353942,0.7122755407388989
cvstage+lateral<Calanus hyperboreus,742.8181452737266,0.7587595663510595
female+lateral<Calanus hyperboreus,460.9171988671208,0.6003481393705165
civstage+lateral<Calanus hyperboreus,413.2173690733284,0.7701831048625858
cvstage+lateral<Calanus glacialis,365.3238807830695,0.79836688524282
cvstage+lateral<Calanus glacialis,443.9672977458936,0.8323732438439478
cvstage+lateral<Calanus glacialis,327.92894116520546,0.7397943731818615
cvstage+lateral<Calanus hyperboreus,988.6831653645968,0.8185683080328143
cvstage+lateral<Calanus hyperboreus,919.7413611022232,0.7702719942346323
cvstage+lateral<Calanus hyperboreus,710.3993268366197,0.7453707716290663
female+lateral<Calanus hyperboreus,822.6798515607711,0.7822100181880944
civstage+lateral<Calanus hyperboreus,241.55960577011427,0.5712469798607108
cvstage+lateral<Calanus hyperboreus,1320.207580051949,0.8269136694819331
civstage+lateral<Calanus hyperboreus,367.2508061459893,0.8086079313287103
civstage+lateral<Calanus hyperboreus,396.0751352152456,0.7445455093606349
civstage+lateral<Calanus hyperboreus,356.31595381721604,0.7125779542101913
civstage+lateral<Calanus hyperboreus,148.86456510012204,0.5457328121614021
cvstage+lateral<Calanus glacialis,378.4294390794713,0.7712006438529455
female+lateral<Calanus hyperboreus,1500.1066654038066,0.7194087364165465
female+lateral<Calanus hyperboreus,2189.5339033074742,0.7881478214210933
cvstage+lateral<Calanus hyperboreus,905.9558559924938,0.7942198724047459
female+lateral<Calanus hyperboreus,1382.7249842220388,0.5933969627923814
female+lateral<Calanus hyperboreus,1457.6731819516915,0.7691267133341676
female+lateral<Calanus glacialis,298.16426587934126,0.7460959304704164
female+lateral<Calanus hyperboreus,1518.548104485659,0.742349961977448
civstage+lateral<Calanus hyperboreus,297.326254445883,0.7223208330310482
civstage+lateral<Calanus hyperboreus,113.32968964318847,0.3081347320412685
cvstage+lateral<Calanus glacialis,223.85954432010223,0.6724186009548502
civstage+lateral<Calanus hyperboreus,305.72872159575707,0.7326411826645026
female+lateral<Calanus hyperboreus,1960.6485166092436,0.8160707863886897
civstage+lateral<Calanus hyperboreus,349.88483047263,0.6944267851095508
cvstage+lateral<Calanus hyperboreus,802.1510656182745,0.7138767248146715
civstage+lateral<Calanus hyperboreus,411.27394105059346,0.7603932013670547
civstage+lateral<Calanus hyperboreus,286.99867672159183,0.7235883900539629
cvstage+lateral<Calanus glacialis,367.8714105750302,0.781033386997651
civstage+lateral<Calanus hyperboreus,420.040652575459,0.76890428925967
civstage+lateral<Calanus hyperboreus,274.0258094210181,0.6610420472858137
civstage+lateral<Calanus hyperboreus,290.593563349513,0.6736482519181382
cvstage+lateral<Calanus glacialis,442.0529562472645,0.8257740435279144
female+lateral<Calanus hyperboreus,1011.6868779303744,0.6698429949485574
civstage+lateral<Calanus hyperboreus,415.3721791676328,0.8097099489580832
civstage+lateral<Calanus hyperboreus,238.04548600770713,0.5162333843243008
civstage+lateral<Calanus hyperboreus,299.5842478045865,0.7253954551336449
civstage+lateral<Calanus hyperboreus,232.45984262325905,0.6176562121362608
civstage+lateral<Calanus hyperboreus,275.19524931342096,0.6319723638029383
female+lateral<Calanus hyperboreus,1798.355205475021,0.7116818304866825
female+lateral<Calanus hyperboreus,1869.6958870924968,0.7535081508077286
female+lateral<Calanus hyperboreus,1303.200154421637,0.5801223396134083
cvstage+lateral<Calanus glacialis,392.6052964540922,0.7752269185246585
civstage+lateral<Calanus hyperboreus,319.6072107632458,0.686237335565804
civstage+lateral<Calanus hyperboreus,1220.4904136411533,0.6743502606063847
civstage+lateral<Calanus hyperboreus,436.2540608058909,0.7258685802718918
civstage+lateral<Calanus hyperboreus,379.13030102725,0.7522152098875828
cvstage+lateral<Calanus hyperboreus,964.765456516112,0.6758367924788384
female+lateral<Calanus hyperboreus,1661.732928344161,0.7788128584617265
female+lateral<Calanus glacialis,427.8088413946779,0.7392443405856626
female+lateral<Calanus glacialis,379.9416979247828,0.7030646774845984
female+lateral<Calanus glacialis,355.8486835677819,0.6610488396179776
female+lateral<Calanus hyperboreus,1799.7503414097737,0.7603381583343731
female+lateral<Calanus hyperboreus,1560.3868037421498,0.6229501576958059
civstage+lateral<Calanus hyperboreus,278.526947348529,0.5530409119992217
civstage+lateral<Calanus hyperboreus,447.6610616713676,0.8470544731577176
civstage+lateral<Calanus hyperboreus,268.81219191214467,0.7045710194676525
civstage+lateral<Calanus hyperboreus,300.5952257953359,0.7311622357619991
civstage+lateral<Calanus hyperboreus,446.8078514189654,0.8159093588677129
cvstage+lateral<Calanus hyperboreus,999.7595356873934,0.7845740167081421
civstage+lateral<Calanus hyperboreus,357.91699862792854,0.7503986463563286
cvstage+lateral<Calanus hyperboreus,744.7189609770492,0.7429483150585292
cvstage+lateral<Calanus glacialis,288.78018858067287,0.7841520536847059
cvstage+lateral<Calanus glacialis,395.88588491027775,0.9085877820974192
cvstage+lateral<Calanus hyperboreus,740.3409811096147,0.7015228967704655
civstage+lateral<Calanus hyperboreus,406.77287772473346,0.746716081320516
civstage+lateral<Calanus hyperboreus,331.7770984710375,0.7032526746144654
civstage+lateral<Calanus hyperboreus,274.6372735285872,0.698648940284709
female+lateral<Calanus hyperboreus,1677.794356142576,0.7419819657537103
female+lateral<Calanus hyperboreus,1725.9335332439473,0.7710598889314212
female+lateral<Calanus hyperboreus,1664.2493448473192,0.8027920200589443
female+lateral<Calanus hyperboreus,994.4707440069752,0.6124638838477756
civstage+lateral<Calanus hyperboreus,341.64861886325104,0.7531118746277646
female+lateral<Calanus glacialis,575.7570879894964,0.8370237169843268
civstage+lateral<Calanus hyperboreus,246.2884084235807,0.6964373369024067
female+lateral<Calanus hyperboreus,803.4190438077002,0.5917935003005969
female+lateral<Calanus hyperboreus,2143.8398581162396,0.7802074140919248
civstage+lateral<Calanus hyperboreus,291.15701702479294,0.7499120959769332
civstage+lateral<Calanus hyperboreus,357.6462592247971,0.6949824406859335
civstage+lateral<Calanus hyperboreus,427.66850199748234,0.7606242312228433
cvstage+lateral<Calanus hyperboreus,1421.003546248001,0.7972443982868427
cvstage+lateral<Calanus hyperboreus,486.0360544701888,0.679834285681911
female+lateral<Calanus glacialis,198.09684488149415,0.5323118515588462
cvstage+lateral<Calanus hyperboreus,968.6056556590704,0.7820294670036052
civstage+lateral<Calanus hyperboreus,322.0633876235865,0.7508714935983224
cvstage+lateral<Calanus hyperboreus,963.4269141907027,0.7228405280766718
cvstage+lateral<Calanus hyperboreus,965.0332309332952,0.7768480902449194
female+lateral<Calanus glacialis,137.84981609688091,0.5943817631429597
cvstage+lateral<Calanus hyperboreus,747.3659627370632,0.7726437014165873
cvstage+lateral<Calanus hyperboreus,870.4208963567886,0.7310716658288228
cvstage+lateral<Calanus hyperboreus,877.4421186845451,0.7836617470812973
civstage+lateral<Calanus hyperboreus,336.73484602081135,0.7034539168267334
cvstage+lateral<Calanus hyperboreus,594.3862075521084,0.7006259300948461
cvstage+lateral<Calanus hyperboreus,1338.5581898713813,0.8352898722681079
female+lateral<Calanus glacialis,334.64472284123593,0.6855124707927606
female+lateral<Calanus hyperboreus,1650.8414843001035,0.6547715618690776
cvstage+lateral<Calanus hyperboreus,908.3537883929488,0.7813487151055704
cvstage+lateral<Calanus hyperboreus,770.144144823927,0.6558968386048488
cvstage+lateral<Calanus glacialis,330.1072414471442,0.720479844820472
civstage+lateral<Calanus hyperboreus,298.13273339736253,0.6569857831913419
cvstage+lateral<Calanus hyperboreus,809.1746330792324,0.7264613153756451
civstage+lateral<Calanus hyperboreus,292.3939339761701,0.7351227646015074
female+lateral<Calanus hyperboreus,1853.1099321085053,0.8079088844363761
civstage+lateral<Calanus hyperboreus,447.6610616713676,0.8226691400200715
civstage+lateral<Calanus hyperboreus,292.34734484008254,0.7156935347398146
civstage+lateral<Calanus hyperboreus,311.7182212206612,0.7384747358981428
cvstage+lateral<Calanus hyperboreus,385.0332060092002,0.6022050593004853
civstage+lateral<Calanus hyperboreus,335.7546215258195,0.7142310800688524
civstage+lateral<Calanus hyperboreus,407.4643949418765,0.7120540583693549
civstage+lateral<Calanus hyperboreus,529.0652458103933,0.8108089442354156
civstage+lateral<Calanus hyperboreus,182.7271808798417,0.7453337051486845
female+lateral<Calanus glacialis,227.6126287625637,0.753971681921607
civstage+lateral<Calanus hyperboreus,398.295717227474,0.7242045294568444
cvstage+lateral<Calanus glacialis,338.89431181385373,0.7535472366956287
civstage+lateral<Calanus hyperboreus,328.1379737547183,0.6902220703846939
civstage+lateral<Calanus hyperboreus,297.18015944756013,0.6925518070503167
cvstage+lateral<Calanus hyperboreus,775.4936489743195,0.6687848845717926
cvstage+lateral<Calanus hyperboreus,840.0180763425737,0.7754280936228966
cvstage+lateral<Calanus glacialis,263.6121443955696,0.6789097974013041
civstage+lateral<Calanus hyperboreus,282.62059144086004,0.6983764819919084
cvstage+lateral<Calanus hyperboreus,1070.196603738858,0.7841147150202743
civstage+lateral<Calanus hyperboreus,371.7698213982739,0.7177389008999685
civstage+lateral<Calanus hyperboreus,302.66074095091716,0.6938043950196632
cvstage+lateral<Calanus hyperboreus,758.9462465669088,0.5915251229752079
cvstage+lateral<Calanus hyperboreus,793.9657956900014,0.7379049337540411
civstage+lateral<Calanus hyperboreus,316.0724069040038,0.6552589292678449
cvstage+lateral<Calanus glacialis,312.2295504578879,0.7272439898539468
cvstage+lateral<Calanus hyperboreus,425.8453299010355,0.5373035434689438
civstage+lateral<Calanus hyperboreus,480.9447382207967,0.7771703945251531
civstage+lateral<Calanus hyperboreus,219.54975024402577,0.6580232659340749
civstage+lateral<Calanus hyperboreus,202.59477965768005,0.6148568861517335
civstage+lateral<Calanus hyperboreus,451.5064578518432,0.7578407402162275
cvstage+lateral<Calanus glacialis,424.7945484382274,0.7165526229044344
female+lateral<Calanus hyperboreus,1399.1349130493268,0.6479746568880372
female+lateral<Calanus hyperboreus,1189.6061555464237,0.6591311876844208
cvstage+lateral<Calanus hyperboreus,866.3761268733473,0.7541172967980828
female+lateral<Calanus hyperboreus,855.567123698703,0.7290448540889577
civstage+lateral<Calanus hyperboreus,340.99223353022415,0.7296999155699176
civstage+lateral<Calanus hyperboreus,262.9596437720914,0.5903313833133814
cvstage+lateral<Calanus glacialis,225.34457100489973,0.6582530152426294
civstage+lateral<Calanus hyperboreus,318.64578919711016,0.6587378837518076
cvstage+lateral<Calanus hyperboreus,1255.8512033701663,0.8047516184090522
civstage+lateral<Calanus hyperboreus,408.57097265346226,0.8056479897477051
civstage+lateral<Calanus hyperboreus,331.4019768959661,0.765218517962345
civstage+lateral<Calanus hyperboreus,368.5426827964933,0.7451005904230389
civstage+lateral<Calanus hyperboreus,270.2200105090109,0.7045801561727033
female+lateral<Calanus hyperboreus,1629.7476120850476,0.7776145558965409
female+lateral<Calanus hyperboreus,1825.779639682232,0.811208334646365
cvstage+lateral<Calanus glacialis,545.8813461331443,0.871342910481708
female+lateral<Calanus hyperboreus,1190.5558661175012,0.7295884567219032
cvstage+lateral<Calanus glacialis,365.6231624865416,0.7112102102703528
cvstage+lateral<Calanus glacialis,338.4142581281413,0.6969425061611794
civstage+lateral<Calanus hyperboreus,319.0923352274651,0.6478593651386725
cvstage+lateral<Calanus glacialis,406.1563376196544,0.7777869440258053
cvstage+lateral<Calanus glacialis,195.4322590639932,0.4790747262930193
female+lateral<Calanus hyperboreus,1186.4737017667312,0.6563591367630077
female+lateral<Calanus hyperboreus,1412.503811650141,0.6013814594250062
civstage+lateral<Calanus hyperboreus,366.4629178665889,0.754747397643597
civstage+lateral<Calanus hyperboreus,199.731829365461,0.6129159107546532
civstage+lateral<Calanus hyperboreus,405.59809617443,0.7945101263880829
civstage+lateral<Calanus hyperboreus,365.8597675892533,0.7761421417763932
civstage+lateral<Calanus hyperboreus,300.40559069901434,0.7110721375783424
female+lateral<Calanus glacialis,317.02009062320184,0.7396939130486844
female+lateral<Calanus glacialis,262.8651250160179,0.6722587642449523
civstage+lateral<Calanus hyperboreus,393.0158393742428,0.7086602432318926
female+lateral<Calanus hyperboreus,1925.7346343551867,0.7285969179275896
cvstage+lateral<Calanus glacialis,328.24586195224305,0.7008456230732382
civstage+lateral<Calanus hyperboreus,269.5892212403605,0.7235677998318713
female+lateral<Calanus hyperboreus,1393.85760415041,0.7215625087375133
civstage+lateral<Calanus hyperboreus,222.22905558461355,0.6628036475149266
cvstage+lateral<Calanus hyperboreus,566.4323620518389,0.7186466021324248
female+lateral<Calanus hyperboreus,406.4963681337628,0.2557980677776832
female+lateral<Calanus hyperboreus,1943.497767381714,0.7705647561775446
female+lateral<Calanus hyperboreus,1517.0172774886378,0.6640208581129929
civstage+lateral<Calanus hyperboreus,368.8784546103328,0.7294541184589146
female+lateral<Calanus hyperboreus,1392.3650975315804,0.7144089744011032
civstage+lateral<Calanus hyperboreus,421.5769456131644,0.7456512995162341
cvstage+lateral<Calanus hyperboreus,775.3263112585734,0.7170908985814558
cvstage+lateral<Calanus hyperboreus,863.9346642001532,0.7223702248262438
female+lateral<Calanus hyperboreus,1802.2194425506311,0.7237076261864879
female+lateral<Calanus hyperboreus,792.9429636734415,0.5085427664890405
female+lateral<Calanus hyperboreus,1227.6728330982176,0.6653767286801576
civstage+lateral<Calanus hyperboreus,504.94592498037514,0.8086183099675632
cvstage+lateral<Calanus hyperboreus,956.8314917764448,0.7746465878551305
cvstage+lateral<Calanus glacialis,248.19777244199605,0.6487350388286478
cvstage+lateral<Calanus glacialis,305.030072729416,0.7314159656131706
female+lateral<Calanus glacialis,565.1365948396091,0.8417513173738113
civstage+lateral<Calanus hyperboreus,347.6115046594363,0.7578506062580773
cvstage+lateral<Calanus glacialis,358.44514589439774,0.754888498206273
civstage+lateral<Calanus hyperboreus,299.8368978495319,0.6739883087992126
female+lateral<Calanus hyperboreus,979.973933404258,0.6926347649013679
civstage+lateral<Calanus hyperboreus,352.40011082278085,0.7338134641495729
cvstage+lateral<Calanus hyperboreus,719.8662644656707,0.7281641220499033
cvstage+lateral<Calanus hyperboreus,1168.202627661773,0.7977018398109832
cvstage+lateral<Calanus hyperboreus,525.6831410022461,0.6610767090160915
cvstage+lateral<Calanus hyperboreus,971.1086746190284,0.7098444667069589
cvstage+lateral<Calanus hyperboreus,829.6705901256158,0.7232277581493938
civstage+lateral<Calanus hyperboreus,386.6667161674565,0.7150561697047358
cvstage+lateral<Calanus hyperboreus,556.4700619443943,0.6331074110425964
civstage+lateral<Calanus hyperboreus,308.46433345187916,0.6468988641192803
cvstage+lateral<Calanus hyperboreus,542.7164888320757,0.6767977256043115
civstage+lateral<Calanus hyperboreus,185.5998216947856,0.5965357495379269
female+lateral<Calanus hyperboreus,1671.7003332304512,0.7618779318458251
female+lateral<Calanus hyperboreus,1137.2508463594563,0.7298366892222308
civstage+lateral<Calanus hyperboreus,288.91237022675847,0.7852387987462525
cvstage+lateral<Calanus glacialis,360.511374405376,0.7090361465793332
female+lateral<Calanus hyperboreus,1150.3881162777452,0.5846019460560911
female+lateral<Calanus hyperboreus,2330.587915384154,0.8567986864675247
civstage+lateral<Calanus hyperboreus,352.56165910668824,0.7383277632556281
civstage+lateral<Calanus hyperboreus,172.7482450190229,0.5741655460426776
civstage+lateral<Calanus hyperboreus,208.2999410345843,0.6025033882956238
cvstage+lateral<Calanus hyperboreus,669.1059026619502,0.6672373186136138
civstage+lateral<Calanus hyperboreus,342.23968476055063,0.708254869309655
female+lateral<Calanus hyperboreus,1533.6767110739595,0.8021963761549431
cvstage+lateral<Calanus glacialis,268.49199625184633,0.8202412179592228
civstage+lateral<Calanus hyperboreus,297.61574146399585,0.7154057843628897
female+lateral<Calanus hyperboreus,1289.4909724460415,0.7854510357070227
female+lateral<Calanus glacialis,424.3044466126456,0.7467358393823335
cvstage+lateral<Calanus hyperboreus,902.0159689607108,0.7296266700291935
civstage+lateral<Calanus hyperboreus,480.3636770881202,0.7962251091809874
civstage+lateral<Calanus hyperboreus,226.76726656225577,0.6417289403939991
civstage+lateral<Calanus hyperboreus,247.1279912459243,0.7106777343236222
female+lateral<Calanus hyperboreus,1432.727812012173,0.6600850213891235
female+lateral<Calanus hyperboreus,1719.5764523209273,0.736843628138776
female+lateral<Calanus hyperboreus,2080.484129341386,0.7723827654338633
cvstage+lateral<Calanus glacialis,292.2386730378997,0.7312753699574959
civstage+lateral<Calanus hyperboreus,362.5811115412895,0.7509995627547793
civstage+lateral<Calanus hyperboreus,404.42432018355305,0.7519267433379755
civstage+lateral<Calanus hyperboreus,326.97077935916724,0.7243226727273399
civstage+lateral<Calanus hyperboreus,350.01708073316894,0.6682792145774675
civstage+lateral<Calanus hyperboreus,275.6880854956434,0.6140746132783393
female+lateral<Calanus hyperboreus,1313.8466014609658,0.6927390974246094
civstage+lateral<Calanus hyperboreus,319.6999356259036,0.7786387322214351
cvstage+lateral<Calanus glacialis,476.0123498383669,0.7771365328115907
civstage+lateral<Calanus hyperboreus,260.8354053387258,0.6941955299619984
female+lateral<Calanus hyperboreus,1582.7361695402403,0.6881945987940103
female+lateral<Calanus hyperboreus,2244.5578587604728,0.7797802354418012
female+lateral<Calanus hyperboreus,1105.3381157224817,0.6163650883698083
female+lateral<Calanus glacialis,357.3822191086867,0.7259154497009135
female+lateral<Calanus glacialis,345.3602465408966,0.6853147974206297
civstage+lateral<Calanus hyperboreus,235.74768740461505,0.609101399816338
civstage+lateral<Calanus hyperboreus,310.6698786705695,0.7282413808814763
civstage+lateral<Calanus hyperboreus,252.0201276221908,0.6423015814862508
cvstage+lateral<Calanus hyperboreus,700.148595933565,0.7492912103697142
cvstage+lateral<Calanus glacialis,85.05308130638657,0.5348628890909728
civstage+lateral<Calanus hyperboreus,365.4578307023223,0.7126811556218045
female+lateral<Calanus hyperboreus,1771.267562787957,0.7257964548861536
cvstage+lateral<Calanus glacialis,314.1492407018973,0.709247473324925
cvstage+lateral<Calanus glacialis,537.2286400969417,0.8922206572524399
cvstage+lateral<Calanus hyperboreus,838.2428632933678,0.7211673931979019
civstage+lateral<Calanus hyperboreus,439.150677464205,0.8317568160104105
civstage+lateral<Calanus hyperboreus,322.40363474229247,0.787846057925058
cvstage+lateral<Calanus glacialis,114.04095219395997,0.4764909367967648
civstage+lateral<Calanus hyperboreus,333.14482680901034,0.7026117354104013
female+lateral<Calanus hyperboreus,1247.368215492606,0.6627822338443715
cvstage+lateral<Calanus hyperboreus,1087.8178630050422,0.7705045995002573
cvstage+lateral<Calanus hyperboreus,699.9050685732907,0.7420477776315576
civstage+lateral<Calanus hyperboreus,193.37610451639324,0.5498209756200791
civstage+lateral<Calanus hyperboreus,359.0446567542989,0.7430146200242868
cvstage+lateral<Calanus glacialis,282.98760305132396,0.7322879263163633
female+lateral<Calanus hyperboreus,1210.4753876637783,0.5654661822623066
cvstage+lateral<Calanus hyperboreus,656.5615360909769,0.7159319153637683
civstage+lateral<Calanus hyperboreus,442.4781539885535,0.8007875750113781
female+lateral<Calanus hyperboreus,1989.2213290860184,0.7764152595723943
female+lateral<Calanus hyperboreus,1057.6098359875575,0.7282278285954762
female+lateral<Calanus hyperboreus,1144.0034548246151,0.7277166573539665
civstage+lateral<Calanus hyperboreus,276.1811824000274,0.7398336029784919
cvstage+lateral<Calanus hyperboreus,649.24573873705,0.7734258314537559
cvstage+lateral<Calanus hyperboreus,539.5570809378913,0.6480577795279278
cvstage+lateral<Calanus glacialis,317.42068680383596,0.777429929189604
female+lateral<Calanus glacialis,314.66174550933465,0.7571312863625262
cvstage+lateral<Calanus hyperboreus,873.4290195145877,0.6899065126848082
civstage+lateral<Calanus hyperboreus,448.7282511977792,0.7704234473866481
cvstage+lateral<Calanus hyperboreus,812.3233684518548,0.680225280463762
cvstage+lateral<Calanus glacialis,331.6143845634845,0.794866448397626
civstage+lateral<Calanus hyperboreus,350.8375188057949,0.7421179414712801
civstage+lateral<Calanus hyperboreus,260.94312457991515,0.6526145644388004
female+lateral<Calanus hyperboreus,1428.6160661701738,0.6695787766787995
female+lateral<Calanus glacialis,295.37453005986316,0.7935375552401854
civstage+lateral<Calanus hyperboreus,359.51114778632376,0.8030171581109152
civstage+lateral<Calanus hyperboreus,264.7797175432708,0.6592516463764299
civstage+lateral<Calanus hyperboreus,393.0842755315443,0.8227782932490633
civstage+lateral<Calanus hyperboreus,285.20159768563485,0.717684145769979
civstage+lateral<Calanus hyperboreus,373.11691587825993,0.7231651626804193
civstage+lateral<Calanus hyperboreus,298.25886924326426,0.7207994748940743
civstage+lateral<Calanus hyperboreus,185.3258052854553,0.6025365104397641
cvstage+lateral<Calanus hyperboreus,371.3858199712411,0.7928163133701635
female+lateral<Calanus hyperboreus,1498.988065184203,0.6624194685550371
civstage+lateral<Calanus hyperboreus,260.7747877372456,0.672132154498454
female+lateral<Calanus glacialis,393.0158393742428,0.7186593211418216
female+lateral<Calanus glacialis,376.22069467496664,0.7177725011480196
civstage+lateral<Calanus hyperboreus,261.07791741052495,0.6532255457470447
civstage+lateral<Calanus hyperboreus,448.01670799966024,0.8534524337935583
civstage+lateral<Calanus hyperboreus,363.58385441450343,0.7388914820797554
cvstage+lateral<Calanus hyperboreus,766.3059615702177,0.7155569300732464
civstage+lateral<Calanus hyperboreus,306.8729842691556,0.7402027101975913
civstage+lateral<Calanus hyperboreus,316.3290912265672,0.7552221876210675
female+lateral<Calanus hyperboreus,1294.8183130295,0.6681865966732554
civstage+lateral<Calanus hyperboreus,324.8367089898601,0.7140189666978477
female+lateral<Calanus hyperboreus,2022.6917913632017,0.7853977935883133
cvstage+lateral<Calanus hyperboreus,734.5704615342472,0.7631199078385502
civstage+lateral<Calanus hyperboreus,316.7142332423508,0.6439219787280316
civstage+lateral<Calanus hyperboreus,324.6400855577439,0.7435706603639163
cvstage+lateral<Calanus glacialis,102.20815917984034,0.5197504089906823
cvstage+lateral<Calanus hyperboreus,1268.7042961075786,0.763927312441199
cvstage+lateral<Calanus glacialis,268.9179837163594,0.7263234132647972
civstage+lateral<Calanus hyperboreus,151.64067438866564,0.5821917579029305
cvstage+lateral<Calanus hyperboreus,646.4689300894526,0.676761306067184
female+lateral<Calanus hyperboreus,2076.1162333739944,0.7560266114960001
female+lateral<Calanus hyperboreus,1533.8814552616418,0.761930314033414
civstage+lateral<Calanus hyperboreus,415.23305915903825,0.8220342948791731
cvstage+lateral<Calanus glacialis,320.5088334582357,0.7462382606752938
female+lateral<Calanus hyperboreus,1383.022835062274,0.7417080844891292
female+lateral<Calanus glacialis,406.77287772473346,0.7770408498639683
female+lateral<Calanus glacialis,376.3558139867015,0.8035947598746698
civstage+lateral<Calanus hyperboreus,315.9440878567713,0.7112219756168598
civstage+lateral<Calanus hyperboreus,329.5662138869363,0.7579531881797696
cvstage+lateral<Calanus glacialis,283.45691024243536,0.6689989513637131
civstage+lateral<Calanus hyperboreus,135.0988710188097,0.5374003760014847
cvstage+lateral<Calanus glacialis,193.4315916288922,0.5003037896045861
cvstage+lateral<Calanus glacialis,345.9451910134529,0.7203947304454309
cvstage+lateral<Calanus glacialis,351.1712233693367,0.7326688898993591
civstage+lateral<Calanus hyperboreus,486.98548535204975,0.8390612926724337
female+lateral<Calanus hyperboreus,1609.6687088637068,0.7125820461320006
civstage+lateral<Calanus hyperboreus,371.4332730349429,0.7623238106988109
cvstage+lateral<Calanus glacialis,310.3199797719369,0.8606289994139482
civstage+lateral<Calanus hyperboreus,315.5176687392745,0.6886883770728703
cvstage+lateral<Calanus hyperboreus,498.54612319374553,0.6462940281949504
civstage+lateral<Calanus hyperboreus,144.0561670913001,0.6038938133755142
cvstage+lateral<Calanus hyperboreus,943.8582935896436,0.8220554199587842
cvstage+lateral<Calanus hyperboreus,564.1463065081587,0.6900884798677009
cvstage+lateral<Calanus glacialis,96.84439895648964,0.4297290903407428
cvstage+lateral<Calanus hyperboreus,171.77924370025727,0.5409075444602406
cvstage+lateral<Calanus hyperboreus,447.0211088445775,0.5381170983670067
civstage+lateral<Calanus hyperboreus,177.16134039665317,0.5983858293220935
cvstage+lateral<Calanus glacialis,120.69408247823036,0.4234204233766074
civstage+lateral<Calanus hyperboreus,321.6046703190121,0.7127751350794795
female+lateral<Calanus hyperboreus,945.0099072466774,0.5609602409853891
cvstage+lateral<Calanus hyperboreus,526.6010626012489,0.6068709127455622
cvstage+lateral<Calanus hyperboreus,547.9187688587326,0.6444364945989981
cvstage+lateral<Calanus hyperboreus,398.15831415143185,0.5166379003728461
civstage+lateral<Calanus hyperboreus,137.0783687269305,0.4788590402174236
civstage+lateral<Calanus hyperboreus,287.1341710664542,0.8056847410704602
civstage+lateral<Calanus hyperboreus,236.51872797581996,0.7008518565841393
civstage+lateral<Calanus hyperboreus,331.90728659380284,0.6749980702287643
cvstage+lateral<Calanus hyperboreus,366.194814798176,0.6254678463003588
cvstage+lateral<Calanus hyperboreus,563.7655631942442,0.6434314765332094
cvstage+lateral<Calanus hyperboreus,1058.9858007017406,0.8126936499260146
cvstage+lateral<Calanus hyperboreus,367.80430326391104,0.6340478822841876
cvstage+lateral<Calanus hyperboreus,400.9806309797584,0.693169266350494
civstage+lateral<Calanus hyperboreus,152.19691897487118,0.5043086357340891
cvstage+lateral<Calanus hyperboreus,432.5180692996046,0.6419786891611168
cvstage+lateral<Calanus glacialis,110.83375774587076,0.5137641532990793
civstage+lateral<Calanus hyperboreus,268.017431210136,0.7043398216318539
cvstage+lateral<Calanus hyperboreus,447.9990289312837,0.6058597513271302
cvstage+lateral<Calanus hyperboreus,434.2896714387316,0.6574820243680837
cvstage+lateral<Calanus hyperboreus,383.7414621773258,0.6118520578369139
cvstage+lateral<Calanus hyperboreus,415.98134630836665,0.6251431520430237
civstage+lateral<Calanus hyperboreus,176.837032255828,0.5904176471540512
civstage+lateral<Calanus hyperboreus,189.72439271167264,0.551048949511445
civstage+lateral<Calanus hyperboreus,286.3468141738945,0.7253184062401336
civstage+lateral<Calanus hyperboreus,250.53069591802773,0.6679884943806487
cvstage+lateral<Calanus hyperboreus,387.8250225639966,0.5683278935475912
cvstage+lateral<Calanus hyperboreus,450.4373166719372,0.6726791054174182
cvstage+lateral<Calanus hyperboreus,454.07545256121097,0.6519329883637397
cvstage+lateral<Calanus hyperboreus,475.577861718406,0.7102747194507055
cvstage+lateral<Calanus glacialis,104.06490917896588,0.4060109477577228
cvstage+lateral<Calanus hyperboreus,319.671587466454,0.5095313379582471
cvstage+lateral<Calanus glacialis,151.68026979088182,0.5788302796857532
civstage+lateral<Calanus hyperboreus,325.110731039163,0.7773717146364142
cvstage+lateral<Calanus hyperboreus,509.6322547456688,0.7160095005106001
cvstage+lateral<Calanus hyperboreus,473.1902763233455,0.717155249067574
cvstage+lateral<Calanus hyperboreus,452.5049990274504,0.6308280848774325
cvstage+lateral<Calanus hyperboreus,475.2158779451632,0.6276008950164366
cvstage+lateral<Calanus hyperboreus,537.6790735737402,0.7119770632837602
civstage+lateral<Calanus hyperboreus,112.20763754532912,0.5434930619444006
civstage+lateral<Calanus hyperboreus,102.7521472063891,0.4985521456292358
cvstage+lateral<Calanus hyperboreus,552.1516820802877,0.7132655406225122
cvstage+lateral<Calanus hyperboreus,499.3539592949178,0.7160087956763318
civstage+lateral<Calanus hyperboreus,124.80145467978792,0.5512042672585992
cvstage+lateral<Calanus hyperboreus,418.0180759671914,0.5912489931015633
civstage+lateral<Calanus hyperboreus,416.69450641335214,0.8480553100294792
cvstage+lateral<Calanus hyperboreus,572.4653669564144,0.6396975686774069
cvstage+lateral<Calanus hyperboreus,526.9742049288695,0.6584357291958357
cvstage+lateral<Calanus hyperboreus,516.2590872729925,0.627946461519397
civstage+lateral<Calanus hyperboreus,143.332025481945,0.5459138622962527
cvstage+lateral<Calanus hyperboreus,544.2982371166385,0.637450733705275
female+lateral<Calanus glacialis,243.31377727663104,0.6162185450190565
female+lateral<Calanus glacialis,461.0188708834297,0.7966275147330499
female+lateral<Calanus hyperboreus,2062.805349836666,0.8113305196756672
cvstage+lateral<Calanus glacialis,216.05566262678445,0.5974836445429187
cvstage+lateral<Calanus glacialis,257.6888247791615,0.7575446519645914
cvstage+lateral<Calanus hyperboreus,1023.020188931508,0.8230527642955476
cvstage+lateral<Calanus hyperboreus,383.6735112350791,0.4789276519953618
female+lateral<Calanus hyperboreus,1358.2671845449229,0.74388352905862
civstage+lateral<Calanus hyperboreus,497.7386740775785,0.8372445584944348
civstage+lateral<Calanus hyperboreus,249.51298694718875,0.6108423895299077
cvstage+lateral<Calanus hyperboreus,1167.919284003228,0.765059987902718
cvstage+lateral<Calanus hyperboreus,776.0794150834537,0.7056028597253882
cvstage+lateral<Calanus glacialis,102.53007446800451,0.3499938551798516
cvstage+lateral<Calanus hyperboreus,1088.835288895593,0.819136481315974
civstage+lateral<Calanus hyperboreus,441.5570450650496,0.8257267075533623
female+lateral<Calanus glacialis,336.2380933125145,0.7853226604810198
civstage+lateral<Calanus hyperboreus,497.4451522139004,0.8521761764215808
female+lateral<Calanus hyperboreus,1336.5919823663196,0.7433680845485116
cvstage+lateral<Calanus hyperboreus,741.3315530684314,0.7016489273592308
cvstage+lateral<Calanus glacialis,239.292054856913,0.780561899357535
cvstage+lateral<Calanus glacialis,165.5781247714984,0.6243815371193664
cvstage+lateral<Calanus hyperboreus,825.5763270289189,0.8467815884110976
female+lateral<Calanus hyperboreus,1002.827727961936,0.7663034584257279
cvstage+lateral<Calanus glacialis,481.9873144887211,0.8348096262205846
civstage+lateral<Calanus hyperboreus,254.50720268184745,0.7230029047918777
cvstage+lateral<Calanus hyperboreus,838.3907552829997,0.7967134745860336
cvstage+lateral<Calanus hyperboreus,641.1631581899705,0.7292211452481474
female+lateral<Calanus glacialis,363.4746726141162,0.7387182514557971
cvstage+lateral<Calanus hyperboreus,848.6842162176481,0.8107061115110149
female+lateral<Calanus hyperboreus,1513.4471244639058,0.7532517973285628
civstage+lateral<Calanus hyperboreus,296.0702357097683,0.7221425151678014
civstage+lateral<Calanus hyperboreus,367.7371995740576,0.8684471617226046
cvstage+lateral<Calanus hyperboreus,563.5371537035969,0.7003084562598274
female+lateral<Calanus glacialis,362.4474743935544,0.7779855411415325
female+lateral<Calanus hyperboreus,1523.4498181488166,0.7694596657083246
cvstage+lateral<Calanus glacialis,274.1193103931423,0.7517275456457321
civstage+lateral<Calanus hyperboreus,421.9962224241175,0.72130202569086
cvstage+lateral<Calanus glacialis,199.829649150573,0.654361442222441
female+lateral<Calanus hyperboreus,1149.921675810276,0.6271273875886397
cvstage+lateral<Calanus hyperboreus,916.7507445562552,0.7768546774361101
cvstage+lateral<Calanus hyperboreus,337.3887983528592,0.4570219115008518
cvstage+lateral<Calanus hyperboreus,310.63247011811444,0.4545271229721728
cvstage+lateral<Calanus glacialis,362.943118642648,0.8292397169170729
female+lateral<Calanus hyperboreus,1199.7796788144756,0.7888613639514991
civstage+lateral<Calanus hyperboreus,391.81296338577584,0.7927788181499275
female+lateral<Calanus glacialis,178.1932826458945,0.6165616926882677
civstage+lateral<Calanus hyperboreus,261.5159552134877,0.6955001601037865
cvstage+lateral<Calanus hyperboreus,1026.6547254459024,0.7721104717710164
cvstage+lateral<Calanus hyperboreus,701.7727518158081,0.7297235340889495
cvstage+lateral<Calanus hyperboreus,873.7994021536623,0.7872478827246775
cvstage+lateral<Calanus hyperboreus,291.19853714115857,0.7513582784895482
cvstage+lateral<Calanus hyperboreus,327.943355940974,0.4181354577152215
female+lateral<Calanus hyperboreus,1667.6063181400614,0.7421143008496484
civstage+lateral<Calanus hyperboreus,523.0973496285665,0.8838705572134243
female+lateral<Calanus glacialis,238.42082855901097,0.6597477323753251
female+lateral<Calanus glacialis,446.09721076581025,0.8234090007595009
civstage+lateral<Calanus hyperboreus,261.62381320958474,0.676000045921014
female+lateral<Calanus hyperboreus,1810.8154124167231,0.7890080352088488
cvstage+lateral<Calanus hyperboreus,548.3718342288462,0.6996823527491387
civstage+lateral<Calanus hyperboreus,315.7938098865036,0.6884707618937079
civstage+lateral<Calanus hyperboreus,486.03787214619547,0.81040592255692
female+lateral<Calanus hyperboreus,966.8189552599216,0.6600623014259989
civstage+lateral<Calanus hyperboreus,342.37107376867266,0.7687976881496212
female+lateral<Calanus glacialis,423.8145121686635,0.7825723553198423
civstage+lateral<Calanus hyperboreus,438.30230045584943,0.819885837035195
civstage+lateral<Calanus hyperboreus,196.4348729656792,0.5817903932075693
female+lateral<Calanus hyperboreus,1377.1685867512958,0.7906521932839763
cvstage+lateral<Calanus glacialis,519.1174738730972,0.8744789318910703
female+lateral<Calanus glacialis,233.5738300794707,0.6573225212089421
cvstage+lateral<Calanus hyperboreus,635.2842108065744,0.701567659985604
civstage+lateral<Calanus hyperboreus,437.7369854370222,0.7579229998410516
cvstage+lateral<Calanus hyperboreus,1140.4381046742044,0.8001237145758133
female+lateral<Calanus hyperboreus,1716.9297173099092,0.7196580288914709
civstage+lateral<Calanus hyperboreus,284.17931329474766,0.6995439636508801
civstage+lateral<Calanus hyperboreus,386.0151466282482,0.7356851595435256
civstage+lateral<Calanus hyperboreus,200.93723674321453,0.6656006565939394
female+lateral<Calanus hyperboreus,900.429340565123,0.6188613884485283
female+lateral<Calanus glacialis,122.24935902251454,0.64240156298153
female+lateral<Calanus glacialis,302.02932710465586,0.7638632868657428
female+lateral<Calanus glacialis,303.88784956106286,0.7512468555600059
female+lateral<Calanus glacialis,313.57296825778525,0.7558863989610586
cvstage+lateral<Calanus glacialis,470.5175179445112,0.8629406109709339
civstage+lateral<Calanus hyperboreus,276.5511760627829,0.7621936996548414
female+lateral<Calanus glacialis,48.402077482057386,0.4276434410404052
female+lateral<Calanus glacialis,264.22986864035005,0.6580803904661867
civstage+lateral<Calanus hyperboreus,344.21208492398165,0.7619354487980594
civstage+lateral<Calanus hyperboreus,325.4758467890928,0.7326211938195708
cvstage+lateral<Calanus hyperboreus,705.5125307247191,0.7573601812212833
cvstage+lateral<Calanus hyperboreus,352.99661509553135,0.5000644357308835
cvstage+lateral<Calanus hyperboreus,488.6633683348627,0.7909511175895446
civstage+lateral<Calanus hyperboreus,390.28128586445297,0.7891279156730933
female+lateral<Calanus hyperboreus,1121.540847329249,0.6535661278689845
female+lateral<Calanus glacialis,137.50489733422674,0.6138099627290518
civstage+lateral<Calanus hyperboreus,274.7380054413341,0.7281123387598225
female+lateral<Calanus glacialis,401.11556743595986,0.7356006918605029
female+lateral<Calanus glacialis,327.3597074613559,0.7388044973900354
female+lateral<Calanus glacialis,287.23409184860907,0.8015576557133958
female+lateral<Calanus glacialis,44.03844466123942,0.4622928352343767
female+lateral<Calanus glacialis,328.8045456726446,0.7693497769294632
civstage+lateral<Calanus hyperboreus,317.2922060765822,0.7428253566774687
civstage+lateral<Calanus hyperboreus,320.5088334582357,0.6985772211262999
cvstage+lateral<Calanus hyperboreus,944.5677961650772,0.7920926515002239
civstage+lateral<Calanus hyperboreus,276.5511760627829,0.7065467391795713
civstage+lateral<Calanus hyperboreus,357.8459314614456,0.781619237117805
civstage+lateral<Calanus hyperboreus,219.61905645130463,0.6575322980181117
female+lateral<Calanus glacialis,283.1118090399933,0.7210784910725027
female+lateral<Calanus glacialis,211.86433547696748,0.7099628277434343
female+lateral<Calanus hyperboreus,1606.5542544935502,0.815556980777183
female+lateral<Calanus glacialis,455.0756695303043,0.8049378013334706
female+lateral<Calanus glacialis,386.3943224572959,0.8580118015462613
cvstage+lateral<Calanus glacialis,343.9056063874286,0.7995044698763683
civstage+lateral<Calanus hyperboreus,318.39907182763136,0.7461095575035325
civstage+lateral<Calanus hyperboreus,174.21516335064632,0.6052247017167154
civstage+lateral<Calanus hyperboreus,469.7959199388512,0.7805591889818482
female+lateral<Calanus glacialis,300.5320101637373,0.7216712712232178
civstage+lateral<Calanus hyperboreus,172.72454753174216,0.6392276934801253
female+lateral<Calanus glacialis,135.45743693803303,0.6144976197801106
female+lateral<Calanus glacialis,291.4701862989837,0.6314352509666246
female+lateral<Calanus glacialis,314.61009161159916,0.7836078514179095
female+lateral<Calanus hyperboreus,1774.1525383074738,0.8009354121626272
female+lateral<Calanus glacialis,341.1234807264599,0.768120898003803
civstage+lateral<Calanus hyperboreus,236.39511680253247,0.6877413802719001
female+lateral<Calanus glacialis,226.79624988719652,0.6870468067132415
female+lateral<Calanus glacialis,354.65513585695203,0.7889040949706445
civstage+lateral<Calanus hyperboreus,212.60277931178425,0.6165919109002574
female+lateral<Calanus hyperboreus,1870.1300927978575,0.7745224715115028
cvstage+lateral<Calanus glacialis,355.18634787911645,0.718332229959388
female+lateral<Calanus glacialis,269.60764822297205,0.7344307985205605
female+lateral<Calanus glacialis,270.7714877476298,0.6930666448488084
cvstage+lateral<Calanus glacialis,244.2050436962814,0.6888319020866316
female+lateral<Calanus glacialis,296.1796476533565,0.775869556190665
civstage+lateral<Calanus glacialis,82.68053986141432,0.554409500848766
civstage+lateral<Calanus glacialis,115.404865929253,0.6954191149716984
civstage+lateral<Calanus hyperboreus,190.4657118471456,0.5525080381784828
cvstage+lateral<Calanus glacialis,297.8174628367266,0.7053103555997866
civstage+lateral<Calanus glacialis,100.51207671226568,0.6928890958239012
civstage+lateral<Calanus hyperboreus,181.1483335903214,0.610472029404855
civstage+lateral<Calanus glacialis,101.67239939754565,0.6883376720715585
civstage+lateral<Calanus glacialis,113.32968964318847,0.7533157976061091
civstage+lateral<Calanus glacialis,93.96237123095544,0.6804318584240117
civstage+lateral<Calanus glacialis,126.966756548934,0.7970881673309298
female+lateral<Calanus glacialis,276.4342525106993,0.69846125917183
female+lateral<Calanus glacialis,283.3546610494661,0.6807868040569826
female+lateral<Calanus glacialis,260.19506332349687,0.6619892435547458
female+lateral<Calanus glacialis,242.00833175790217,0.6513103605843943
female+lateral<Calanus glacialis,218.0076471074888,0.6372524899562051
female+lateral<Calanus glacialis,192.65520075114043,0.3400954253187048
female+lateral<Calanus glacialis,174.01868201606425,0.4031698369608399
cvstage+lateral<Calanus glacialis,287.65633593715233,0.6461872542564482
cvstage+lateral<Calanus glacialis,235.51287286508008,0.6939724074045103
female+lateral<Calanus hyperboreus,1931.5407191286663,0.7787935502159347
female+lateral<Calanus hyperboreus,1053.6683381485404,0.7091217454944322
female+lateral<Calanus hyperboreus,1109.0567050739864,0.6407054826346272
female+lateral<Calanus hyperboreus,1446.6936051776067,0.6794274570471617
civstage+lateral<Calanus hyperboreus,187.13652376560145,0.6255336543228075
civstage+lateral<Calanus hyperboreus,175.3259211281595,0.6042584667772404
female+lateral<Calanus hyperboreus,664.7807452788943,0.4909855133208439
cvstage+lateral<Calanus hyperboreus,512.0357176273674,0.698255205959858
cvstage+lateral<Calanus hyperboreus,455.00420387643607,0.4895268977554421
cvstage+lateral<Calanus hyperboreus,489.90463917270506,0.6437018338212868
cvstage+lateral<Calanus hyperboreus,195.5435856515073,0.461091812835096
cvstage+lateral<Calanus hyperboreus,303.000330605178,0.4007845059099085
cvstage+lateral<Calanus hyperboreus,405.18370741238033,0.6655738203185309
civstage+lateral<Calanus hyperboreus,106.07096231882004,0.4068853496815742
cvstage+lateral<Calanus hyperboreus,417.46063220970495,0.5090160840133222
female+lateral<Calanus hyperboreus,1782.7087607942055,0.7695065132707208
civstage+lateral<Calanus hyperboreus,124.03783949530188,0.3728575697960085
cvstage+lateral<Calanus hyperboreus,435.19574070939245,0.6193858958240228
cvstage+lateral<Calanus hyperboreus,536.5531992840781,0.6225231880708234
female+lateral<Calanus hyperboreus,1136.0328862468486,0.6405085773505259
female+lateral<Calanus hyperboreus,1354.7132812693712,0.7178386419750872
civstage+lateral<Calanus hyperboreus,142.26749266251863,0.5660275524936955
civstage+lateral<Calanus hyperboreus,156.24454792395565,0.5280286708375332
civstage+lateral<Calanus hyperboreus,84.82215362590254,0.33600457095244
cvstage+lateral<Calanus hyperboreus,756.4861775484002,0.7745854302571876
cvstage+lateral<Calanus hyperboreus,588.439743792778,0.6276446780798691
cvstage+lateral<Calanus hyperboreus,437.7369854370222,0.5563038453173748
female+lateral<Calanus hyperboreus,842.760936095473,0.5829007065390092
female+lateral<Calanus hyperboreus,738.9383416714003,0.5784390571376221
cvstage+lateral<Calanus hyperboreus,1074.8934229253557,0.8680297657823063
female+lateral<Calanus hyperboreus,578.8427769234429,0.5204506186837787
female+lateral<Calanus hyperboreus,784.7136455475089,0.5643359004800915
female+lateral<Calanus hyperboreus,720.2027803723975,0.598451678354473
cvstage+lateral<Calanus hyperboreus,425.0046432974703,0.6219489281929462
civstage+lateral<Calanus hyperboreus,110.26282433898304,0.4038786499936884
female+lateral<Calanus hyperboreus,676.3222150061986,0.4879122146939382
female+lateral<Calanus hyperboreus,1088.8727015045515,0.6620290514749717
cvstage+lateral<Calanus hyperboreus,298.82667578437434,0.5219632728848256
cvstage+lateral<Calanus hyperboreus,249.57281825505495,0.5569049510921468
cvstage+lateral<Calanus hyperboreus,185.1066783969312,0.4128025387075063
cvstage+lateral<Calanus hyperboreus,290.9691632648776,0.4949485329484103
female+lateral<Calanus hyperboreus,1020.9320576584902,0.6339601851952675
female+lateral<Calanus hyperboreus,423.53462481056783,0.2496535125254944
civstage+lateral<Calanus hyperboreus,138.16016479839854,0.6005595051985245
female+lateral<Calanus hyperboreus,489.53946283694694,0.4723216807026508
cvstage+lateral<Calanus hyperboreus,353.65974745500057,0.7007968709937978
female+lateral<Calanus hyperboreus,787.5647864200531,0.5274527260859639
female+lateral<Calanus hyperboreus,1301.5275632970106,0.7616592886187443
cvstage+lateral<Calanus hyperboreus,312.10169491099197,0.4627554252702055
cvstage+lateral<Calanus hyperboreus,402.9757516785691,0.6526658726964962
female+lateral<Calanus hyperboreus,605.165368842932,0.465330648603553
cvstage+lateral<Calanus hyperboreus,134.67768194306592,0.450880021794327
cvstage+lateral<Calanus hyperboreus,179.76211931229582,0.3556847138165159
cvstage+lateral<Calanus hyperboreus,290.0304326296358,0.6518285754993932
civstage+lateral<Calanus hyperboreus,294.79589267861564,0.5203781571316755
female+lateral<Calanus hyperboreus,1267.059262972548,0.7485553732246442
civstage+lateral<Calanus hyperboreus,90.79622429559224,0.3350279973180222
cvstage+lateral<Calanus hyperboreus,318.5133938357327,0.6088093934455132
female+lateral<Calanus hyperboreus,807.3112011166917,0.5913446677006778
female+lateral<Calanus hyperboreus,898.8677189486322,0.6928014611161294
civstage+lateral<Calanus hyperboreus,107.51882044760087,0.5647911184494405
civstage+lateral<Calanus hyperboreus,117.20521738234665,0.6258422446606746
cvstage+lateral<Calanus hyperboreus,487.35009729924064,0.711363592660672
cvstage+lateral<Calanus hyperboreus,387.0072881342054,0.5862300725053984
cvstage+lateral<Calanus hyperboreus,318.3847824301438,0.5652806097564514
female+lateral<Calanus hyperboreus,637.291016789847,0.5377545505584772
female+lateral<Calanus hyperboreus,467.7771894184271,0.5468842749835929
cvstage+lateral<Calanus hyperboreus,818.7658874356782,0.8754118208724009
female+lateral<Calanus hyperboreus,508.8564665848182,0.4887729585931869
female+lateral<Calanus hyperboreus,555.1810830031926,0.5499653595616696
female+lateral<Calanus hyperboreus,586.0507121432453,0.6091882013234163
female+lateral<Calanus glacialis,148.74532020623244,0.5665327253917373
female+lateral<Calanus glacialis,281.35430291399547,0.7130809116535699
cvstage+lateral<Calanus hyperboreus,324.25211634874915,0.6233577786651173
civstage+lateral<Calanus hyperboreus,77.99208159993019,0.3480064770187837
female+lateral<Calanus hyperboreus,461.1623617167591,0.4429211323412032
female+lateral<Calanus hyperboreus,680.3920176291049,0.5941417602810546
female+lateral<Calanus hyperboreus,597.5597114048637,0.4292604700811838
cvstage+lateral<Calanus hyperboreus,187.35635835089116,0.4473393410610903
cvstage+lateral<Calanus hyperboreus,288.7280681515128,0.7040855652535932
civstage+lateral<Calanus hyperboreus,200.6848066299361,0.7802859222961873
civstage+lateral<Calanus hyperboreus,56.47262280851886,0.2560358903858411
female+lateral<Calanus glacialis,385.7135866521684,0.7501178643214961
cvstage+lateral<Calanus hyperboreus,230.1781800542884,0.2830423121886856
female+lateral<Calanus hyperboreus,786.2254375925728,0.6182590342961414
civstage+lateral<Calanus hyperboreus,110.63893986942024,0.4811538383194017
female+lateral<Calanus hyperboreus,446.95001969179873,0.3477209578755732
female+lateral<Calanus hyperboreus,340.1767392157085,0.3445276488454934
female+lateral<Calanus hyperboreus,205.92180777699045,0.2072796002917912
civstage+lateral<Calanus hyperboreus,133.32007015727342,0.5439590755510179
female+lateral<Calanus hyperboreus,571.6241959820695,0.4538079801239432
cvstage+lateral<Calanus hyperboreus,423.1148963326056,0.7180998707596591
female+lateral<Calanus hyperboreus,462.5261830821726,0.4370985764367792
female+lateral<Calanus glacialis,149.20760463494432,0.4173751529235648
female+lateral<Calanus glacialis,165.65097098410476,0.4490806204466429
cvstage+lateral<Calanus hyperboreus,416.9034085299582,0.5372520174632399
cvstage+lateral<Calanus hyperboreus,446.594624094787,0.7392597706328354
female+lateral<Calanus hyperboreus,393.53426012672435,0.2647397750230613
cvstage+lateral<Calanus hyperboreus,143.53589956923716,0.3904331284832122
cvstage+lateral<Calanus hyperboreus,233.0459554599368,0.4107049394556978
cvstage+lateral<Calanus hyperboreus,356.44891836169535,0.6695688196737427
civstage+lateral<Calanus hyperboreus,316.5216449080184,0.4862077282817607
female+lateral<Calanus hyperboreus,1460.396685014682,0.7680375542481527
civstage+lateral<Calanus hyperboreus,211.4833133248239,0.6328879687202368
cvstage+lateral<Calanus glacialis,186.806915066766,0.7023976344706969
civstage+lateral<Calanus hyperboreus,121.612128511735,0.4828366044364278
cvstage+lateral<Calanus hyperboreus,363.115805809621,0.6002496608684943
cvstage+lateral<Calanus hyperboreus,484.5810722525651,0.6342177948197987
female+lateral<Calanus hyperboreus,1072.958701837044,0.69668511355981
female+lateral<Calanus hyperboreus,1046.4383397453205,0.6813715081384297
cvstage+lateral<Calanus hyperboreus,495.0496520301804,0.7502094665856613
civstage+lateral<Calanus hyperboreus,132.83680449890213,0.5996850533846285
civstage+lateral<Calanus hyperboreus,222.2325800483694,0.7545800804315556
civstage+lateral<Calanus hyperboreus,37.17373399732246,0.1550412844826774
cvstage+lateral<Calanus hyperboreus,585.7426594600361,0.7357841908918472
cvstage+lateral<Calanus hyperboreus,416.1375855366329,0.5470128801323807
cvstage+lateral<Calanus hyperboreus,358.04563665693433,0.5667104628726191
female+lateral<Calanus hyperboreus,722.2501620093113,0.5557581066044178
female+lateral<Calanus glacialis,182.0756505295521,0.6731295202132227
female+lateral<Calanus glacialis,163.21818100776466,0.6363681867548775
female+lateral<Calanus hyperboreus,629.2529401431088,0.5893560451367693
cvstage+lateral<Calanus hyperboreus,910.6026744108405,0.8426847372172313
female+lateral<Calanus hyperboreus,700.3109614272752,0.4895852107129977
female+lateral<Calanus hyperboreus,888.1358087362798,0.5633782033881526
female+lateral<Calanus hyperboreus,747.5723023386715,0.6723514688714882
female+lateral<Calanus hyperboreus,792.7022511505559,0.5804403717809299
female+lateral<Calanus hyperboreus,578.9008986919764,0.500908808364283
cvstage+lateral<Calanus hyperboreus,366.0607850294338,0.6074032677218474
civstage+lateral<Calanus hyperboreus,93.24607526566608,0.399247497585689
female+lateral<Calanus hyperboreus,503.9144427448434,0.4130792691297327
female+lateral<Calanus hyperboreus,942.7398208431728,0.6508324894879763
female+lateral<Calanus hyperboreus,491.87798230015983,0.3483857041385849
cvstage+lateral<Calanus hyperboreus,271.20064431778644,0.5335765737818619
cvstage+lateral<Calanus hyperboreus,181.1623646984121,0.4475043337608529
civstage+lateral<Calanus hyperboreus,45.53890068165459,0.3328519111907654
civstage+lateral<Calanus hyperboreus,21.534578011645937,0.1346652149628132
female+lateral<Calanus glacialis,268.0785419334421,0.6411057746633712
female+lateral<Calanus glacialis,244.26449571858817,0.5922662421227233
female+lateral<Calanus glacialis,219.61905645130463,0.5768591817775277
cvstage+lateral<Calanus hyperboreus,226.97179318479152,0.502892674690285
cvstage+lateral<Calanus hyperboreus,243.31377727663104,0.4413478910007291
female+lateral<Calanus hyperboreus,784.4617638935175,0.5740682693596417
female+lateral<Calanus hyperboreus,623.3618832689575,0.4192874791689863
cvstage+lateral<Calanus hyperboreus,249.81218591025836,0.3951152861155758
female+lateral<Calanus hyperboreus,576.6767035044362,0.4582700877720705
female+lateral<Calanus hyperboreus,322.4015731567124,0.273185490512469
female+lateral<Calanus glacialis,139.18660512192562,0.5018176030650816
female+lateral<Calanus glacialis,151.164140586771,0.5147119538003961
female+lateral<Calanus hyperboreus,160.53344246858592,0.1313408329093683
female+lateral<Calanus hyperboreus,392.9474067414596,0.3695611272848177
female+lateral<Calanus hyperboreus,569.9429521243475,0.4156000160680793
cvstage+lateral<Calanus hyperboreus,365.993775587378,0.5553154057267101
civstage+lateral<Calanus hyperboreus,129.16053901401204,0.5317514803256072
female+lateral<Calanus hyperboreus,1646.553568340688,0.7900789411159482
cvstage+lateral<Calanus glacialis,141.2348070523986,0.6685982380011217
female+lateral<Calanus hyperboreus,1098.2829840178435,0.6274180558509915
female+lateral<Calanus hyperboreus,1128.2657884215296,0.6724549818121766
female+lateral<Calanus hyperboreus,885.5240602781954,0.5727885450441754
female+lateral<Calanus hyperboreus,605.5541746962125,0.5382171040094806
female+lateral<Calanus hyperboreus,603.3778136673645,0.5432121993667476
civstage+lateral<Calanus hyperboreus,108.80896203357544,0.5377276132686829
female+lateral<Calanus glacialis,140.699302552424,0.6136213537033502
female+lateral<Calanus glacialis,142.6468998718873,0.5463094795504527
female+lateral<Calanus hyperboreus,533.7041111879367,0.4006366929247482
female+lateral<Calanus glacialis,45.66503078793092,0.2558189673343132
civstage+lateral<Calanus hyperboreus,171.6102758540584,0.7733570711626337
civstage+lateral<Calanus hyperboreus,30.688143655083337,0.1724093256491885
female+lateral<Calanus glacialis,300.9746021529687,0.6092108858986894
female+lateral<Calanus glacialis,286.8454712066627,0.6330866252608117
female+lateral<Calanus glacialis,284.7279526931804,0.6244282014486905
cvstage+lateral<Calanus hyperboreus,233.63250461679368,0.4622428802238136
civstage+lateral<Calanus hyperboreus,89.55466175887938,0.4300743084208514
civstage+lateral<Calanus hyperboreus,119.4892678832506,0.5073539158521109
cvstage+lateral<Calanus glacialis,153.9055415127833,0.6385327885237783
female+lateral<Calanus glacialis,161.37429501065262,0.495372125756395
female+lateral<Calanus glacialis,158.4893190556828,0.4918902150202941
female+lateral<Calanus hyperboreus,554.1202350709933,0.3956047720407465
cvstage+lateral<Calanus hyperboreus,282.98760305132396,0.4885692311314193
female+lateral<Calanus hyperboreus,552.3243207302729,0.3276061472306772
female+lateral<Calanus hyperboreus,1227.999330435175,0.6709469643259577
civstage+lateral<Calanus hyperboreus,195.76629507049853,0.6526161174999429
cvstage+lateral<Calanus glacialis,150.32628695446255,0.6750832777607756
cvstage+lateral<Calanus hyperboreus,138.73374009231256,0.3076638817257889
civstage+lateral<Calanus hyperboreus,160.63847796347716,0.4984768906655472
female+lateral<Calanus glacialis,303.12707201371813,0.7254726521104345
female+lateral<Calanus hyperboreus,695.8499712951009,0.537927852101984
female+lateral<Calanus hyperboreus,749.7672058620828,0.5397402734074669
female+lateral<Calanus hyperboreus,340.6641809067468,0.3232039505951892
civstage+lateral<Calanus hyperboreus,111.76955571338824,0.5035971901355141
cvstage+lateral<Calanus glacialis,368.74413503204903,0.7706479597434711
cvstage+lateral<Calanus glacialis,343.488482306138,0.7227513839965586
civstage+lateral<Calanus hyperboreus,434.56111372650093,0.7852198256237596
female+lateral<Calanus hyperboreus,334.57946854265407,0.2673529676547658
female+lateral<Calanus glacialis,361.7795072806768,0.6937917338674533
civstage+lateral<Calanus hyperboreus,244.6807796968063,0.715414740511852
civstage+lateral<Calanus hyperboreus,121.56375902609162,0.5026331981954025
cvstage+lateral<Calanus glacialis,116.9756177973642,0.612518941043069
female+lateral<Calanus glacialis,180.6847373537965,0.6790177462188782
female+lateral<Calanus hyperboreus,464.1787173916598,0.4169490404231765
female+lateral<Calanus hyperboreus,1110.91738435323,0.7350006169403445
cvstage+lateral<Calanus hyperboreus,362.1134452820686,0.6155591405941541
cvstage+lateral<Calanus glacialis,103.31088488254171,0.458276626022591
civstage+lateral<Calanus hyperboreus,116.17783224455408,0.5514719627345152
civstage+lateral<Calanus hyperboreus,50.68862331268939,0.3191895778166754
civstage+lateral<Calanus hyperboreus,28.38579035349497,0.1439293491850535
cvstage+lateral<Calanus glacialis,243.69307948281767,0.7153689544094347
cvstage+lateral<Calanus glacialis,239.30990793878192,0.7074427089405292
civstage+lateral<Calanus hyperboreus,307.763839894073,0.7569651619152454
female+lateral<Calanus hyperboreus,399.1891789060482,0.3227621939621055
female+lateral<Calanus hyperboreus,268.81219191214467,0.2366218416741197
civstage+lateral<Calanus hyperboreus,169.16001894076476,0.6779165907835656
cvstage+lateral<Calanus glacialis,142.57125565339493,0.6477871653266623
female+lateral<Calanus glacialis,72.70286091791877,0.4403540747439073
female+lateral<Calanus glacialis,210.45852970464497,0.6238063809732842
female+lateral<Calanus hyperboreus,585.973694481336,0.3978959087862661
female+lateral<Calanus hyperboreus,347.24293286079717,0.2495717747499092
civstage+lateral<Calanus hyperboreus,113.00856128843915,0.4771288122518182
civstage+lateral<Calanus hyperboreus,56.44930269027127,0.3228646597603167
cvstage+lateral<Calanus glacialis,308.69267641080387,0.7834136052349776
cvstage+lateral<Calanus glacialis,297.04000319659195,0.7399242545021014
civstage+lateral<Calanus hyperboreus,323.9935464564527,0.7835715153588239
female+lateral<Calanus hyperboreus,289.717721872533,0.2640581842876104
civstage+lateral<Calanus hyperboreus,98.0524164011594,0.4482118870728492
civstage+lateral<Calanus hyperboreus,213.82302884303897,0.7137890038703103
female+lateral<Calanus glacialis,77.65355481510043,0.389818856135771
female+lateral<Calanus glacialis,160.7960692991931,0.4897277738220487
cvstage+lateral<Calanus hyperboreus,186.58727144041404,0.2880290434756845
cvstage+lateral<Calanus hyperboreus,354.65513585695203,0.5008387875325541
cvstage+lateral<Calanus hyperboreus,358.2453748037535,0.4601137748703108
female+lateral<Calanus hyperboreus,573.0008480154719,0.5129342853189274
cvstage+lateral<Calanus hyperboreus,334.7752427293368,0.5404783519462536
cvstage+lateral<Calanus hyperboreus,364.92211818493064,0.4830377671953209
female+lateral<Calanus hyperboreus,1052.202845946586,0.6582733090856043
cvstage+lateral<Calanus hyperboreus,160.53344246858592,0.3186381930137278
cvstage+lateral<Calanus hyperboreus,266.73505856542903,0.5307404857763928
cvstage+lateral<Calanus hyperboreus,242.89818296142977,0.3940313688028252
female+lateral<Calanus hyperboreus,394.5222485551157,0.4402021322449968
female+lateral<Calanus hyperboreus,602.4457973256792,0.5490720589339048
female+lateral<Calanus hyperboreus,572.6183464340828,0.4276591212266689
female+lateral<Calanus hyperboreus,889.5296710888969,0.5391982961447372
cvstage+lateral<Calanus hyperboreus,156.40085227190792,0.3040656181041758
cvstage+lateral<Calanus hyperboreus,321.2177780523564,0.5038524890711604
cvstage+lateral<Calanus hyperboreus,297.6283478653854,0.4379283901139028
female+lateral<Calanus hyperboreus,609.6021298630249,0.5550668247507982
cvstage+lateral<Calanus hyperboreus,433.081383293746,0.5905908102590509
female+lateral<Calanus hyperboreus,756.9015094815276,0.608630990442176
female+lateral<Calanus hyperboreus,492.975297280516,0.369037619558156
female+lateral<Calanus hyperboreus,695.5258647220807,0.4334039630558328
female+lateral<Calanus hyperboreus,691.397423971078,0.489635198872472
female+lateral<Calanus hyperboreus,455.14713850382213,0.4930511708215475
female+lateral<Calanus hyperboreus,595.7014440129022,0.5038892656848677
civstage+lateral<Calanus hyperboreus,123.5029682290876,0.4470769877212578
female+lateral<Calanus glacialis,220.74591953188877,0.5763383978824977
civstage+lateral<Calanus hyperboreus,234.92412392143615,0.655540359501973
civstage+lateral<Calanus hyperboreus,99.15807612105098,0.4003612924520944
female+lateral<Calanus hyperboreus,421.7865686094475,0.3334740468698776
civstage+lateral<Calanus hyperboreus,142.31816496743173,0.5516859183314217
cvstage+lateral<Calanus hyperboreus,265.820192751381,0.4552270183753599
female+lateral<Calanus hyperboreus,453.0758868285816,0.3920603527399136
female+lateral<Calanus hyperboreus,601.9799489917095,0.4257233739095031
female+lateral<Calanus hyperboreus,504.5037847762882,0.4867662912306284
female+lateral<Calanus hyperboreus,690.7504853772498,0.5003764991701947
female+lateral<Calanus glacialis,187.51342978300755,0.603228740633723
civstage+lateral<Calanus hyperboreus,69.61673228116626,0.3208817555631522
female+lateral<Calanus hyperboreus,332.49332004282235,0.3338900855754471
civstage+lateral<Calanus hyperboreus,109.37107022883411,0.5537487961853649
cvstage+lateral<Calanus hyperboreus,206.09140640898028,0.4136633495037064
civstage+lateral<Calanus hyperboreus,82.66839116648366,0.5398863173829798
civstage+lateral<Calanus hyperboreus,184.6655829622767,0.6390661391913446
civstage+lateral<Calanus hyperboreus,91.291749037993,0.4620195466898219
civstage+lateral<Calanus hyperboreus,120.25993744862951,0.4200126448164993
civstage+lateral<Calanus hyperboreus,97.79471548245044,0.4624503057058983
civstage+lateral<Calanus hyperboreus,72.03904893365616,0.3451308631033058
female+lateral<Calanus hyperboreus,679.6995244629417,0.6945041587088201
female+lateral<Calanus hyperboreus,639.3068255679539,0.5866382635186181
cvstage+lateral<Calanus glacialis,239.58100843468517,0.7398447285270455
female+lateral<Calanus hyperboreus,459.7280479636213,0.3464959657519141
cvstage+lateral<Calanus hyperboreus,245.9308885566988,0.3752944886582075
civstage+lateral<Calanus hyperboreus,88.01387935408403,0.3687659230166875
civstage+lateral<Calanus hyperboreus,80.12199320374566,0.4560515735104952
civstage+lateral<Calanus hyperboreus,225.23468510276436,0.6840664845081981
civstage+lateral<Calanus hyperboreus,150.23642068281578,0.5658733723102755
civstage+lateral<Calanus hyperboreus,82.50124962688575,0.3866544358139348
female+lateral<Calanus glacialis,173.20531983896103,0.503042581858861
civstage+lateral<Calanus hyperboreus,89.11491796040963,0.3841112041915233
female+lateral<Calanus hyperboreus,322.1207408822828,0.2884036591496168
female+lateral<Calanus hyperboreus,411.4820358332243,0.3602605169613548
civstage+lateral<Calanus hyperboreus,151.164140586771,0.6223076205444963
cvstage+lateral<Calanus glacialis,190.571187776628,0.7792057547386703
cvstage+lateral<Calanus hyperboreus,227.8449423933268,0.4585764481142997
female+lateral<Calanus hyperboreus,167.56230045747907,0.2185929623033342
female+lateral<Calanus hyperboreus,619.2587830521676,0.6683275608557604
cvstage+lateral<Calanus hyperboreus,174.67947753669552,0.3456950559276192
civstage+lateral<Calanus hyperboreus,62.972880896714585,0.3726703606709423
civstage+lateral<Calanus hyperboreus,107.10435731671396,0.4585317285034575
female+lateral<Calanus hyperboreus,524.5874456859514,0.3750654706288593
civstage+lateral<Calanus hyperboreus,126.38244840259492,0.4391416324411265
civstage+lateral<Calanus hyperboreus,81.49362653974373,0.4471020963048339
female+lateral<Calanus hyperboreus,626.0304647733703,0.71702974343312
female+lateral<Calanus hyperboreus,712.6832429780738,0.6490401085885783
cvstage+lateral<Calanus glacialis,191.27108848305647,0.6891624585605673
cvstage+lateral<Calanus hyperboreus,263.8107646373117,0.540331491048197
civstage+lateral<Calanus hyperboreus,107.78065897369066,0.5172103584464399
civstage+lateral<Calanus hyperboreus,71.45969329144098,0.4967638849986279
civstage+lateral<Calanus hyperboreus,237.04307107987503,0.7500069212459443
civstage+lateral<Calanus hyperboreus,150.23642068281578,0.695681735892996
